t_grab_ns,t_retrieved_ns,t_dequeue_ns,t_infer_start_ns,t_infer_end_ns,t_send_ns,t_sent_ns,frame_idx,dropped_before,pose
10550279782300,10550357607000,10550357709400,10550357715700,10550394203000,10550394458600,10550394842400,0,0,1
10550357643500,10550418817000,10550419146900,10550419152200,10550436519700,10550436696500,10550436838900,1,0,1
10550419172400,10550483041600,10550483358500,10550483363500,10550501018100,10550501306400,10550501529400,2,0,1
10550483071500,10550514592700,10550514889600,10550514894200,10550533783200,10550533956000,10550534096600,3,0,1
10550514624100,10550546884800,10550547192900,10550547197700,10550564542400,10550564808200,10550565001000,4,0,1
10550546913200,10550579567000,10550579935300,10550579940300,10550597745400,10550597918700,10550598060900,5,0,1
10550579594700,10550611205900,10550611515800,10550611520300,10550629334600,10550629513300,10550629653800,6,0,1
10550611236300,10550643169200,10550643499200,10550643503000,10550660434900,10550660611100,10550660751500,7,0,1
10550643197600,10550675366400,10550675759800,10550675765300,10550692863200,10550693047100,10550693192500,8,0,1
10550675400200,10550707739900,10550708045300,10550708050100,10550726350600,10550726528600,10550726694500,9,0,1
10550707768700,10550755125200,10550755477400,10550755482800,10550773309300,10550773659400,10550773857700,10,0,1
10550755157400,10550787428100,10550787782500,10550787789800,10550805708400,10550805883900,10550806022300,11,0,1
10550787847900,10550818828700,10550819115100,10550819120200,10550838231400,10550838424700,10550838568900,12,0,1
10550819160800,10550851104900,10550851424600,10550851429100,10550870246700,10550870515300,10550870689800,13,0,1
10550851511800,10550882898500,10550883246900,10550883252400,10550900739900,10550900946100,10550901126700,14,0,1
10550883303800,10550915181100,10550915498400,10550915503600,10550933374600,10550933594400,10550933769400,15,0,1
10550915211000,10550947614000,10550948014400,10550948018600,10550965693900,10550965868000,10550966081900,16,0,1
10550947650300,10550979095800,10550979423700,10550979428700,10550997591900,10550997804000,10550997956400,17,0,1
10550979125700,10551012030100,10551012382300,10551012388500,10551031290700,10551031601400,10551031788200,18,0,1
10551012063500,10551043633200,10551043990800,10551043997000,10551061712500,10551061897300,10551062043000,19,0,1
10551044052900,10551075490000,10551075842000,10551075848700,10551094176300,10551094413500,10551094550000,20,0,1
10551075517600,10551107785600,10551108144600,10551108150100,10551125518800,10551125701500,10551125844800,21,0,1
10551107822800,10551155613400,10551155983200,10551155990200,10551173291300,10551173504500,10551173691500,22,0,1
10551156043700,10551187552100,10551187852200,10551187857200,10551207359000,10551207535800,10551207711000,23,0,1
10551187584900,10551220673000,10551220993100,10551220999200,10551239480700,10551239666900,10551239814700,24,0,1
10551221052000,10551251168800,10551251545200,10551251552600,10551268863500,10551269065500,10551269212600,25,0,1
10551251582100,10551283578100,10551283862800,10551283868100,10551301812600,10551302000100,10551302150700,26,0,1
10551283912200,10551315485800,10551315797700,10551315802200,10551334074700,10551334258400,10551334454200,27,0,1
10551315515600,10551347606400,10551347889000,10551347893600,10551366049600,10551366239100,10551366413200,28,0,1
10551347940000,10551379417700,10551379716700,10551379721300,10551397340700,10551397562600,10551397735100,29,0,1
10551379740600,10551411610600,10551411982200,10551411987900,10551429169300,10551429350100,10551429493300,30,0,1
10551412007900,10551443595100,10551443911000,10551443935000,10551461677100,10551461884200,10551462061100,31,0,1
10551443624200,10551475437500,10551475724700,10551475729900,10551493347300,10551493528300,10551493671500,32,0,1
10551475774100,10551507176400,10551507503100,10551507508200,10551525077300,10551525259200,10551525406000,33,0,1
10551507206700,10551555125400,10551555633200,10551555638900,10551573168100,10551573367100,10551573575200,34,0,1
10551555155400,10551587184000,10551587486300,10551587491800,10551605875200,10551606168700,10551606349400,35,0,1
10551587215100,10551619157600,10551619659100,10551619668700,10551638012500,10551638210500,10551638352900,36,0,1
10551619764300,10551651246100,10551651622200,10551651628400,10551669196600,10551669408900,10551669586500,37,0,1
10551651275400,10551683469900,10551683942600,10551683949800,10551701753100,10551701931100,10551702073900,38,0,1
10551683508300,10551715460600,10551715773000,10551715778800,10551733532000,10551733722400,10551733871100,39,0,1
10551715876900,10551747316000,10551747609400,10551747615600,10551765183900,10551765473600,10551765650400,40,0,1
10551747687400,10551779872600,10551780182900,10551780189100,10551797599500,10551797781500,10551797925700,41,0,1
10551780253900,10551811636100,10551811952600,10551811957900,10551829637800,10551829845500,10551829994200,42,0,1
10551811666600,10551843767000,10551844057300,10551844062400,10551861254200,10551861433400,10551861571900,43,0,1
10551844110100,10551875754200,10551876110200,10551876116900,10551893552800,10551893750700,10551893909300,44,0,1
10551875782800,10551907260600,10551907661600,10551907668900,10551924864100,10551925088700,10551925275100,45,0,1
10551907292700,10551955091200,10551955391000,10551955397700,10551973033600,10551973337200,10551973514100,46,0,1
10551955464600,10551987055800,10551987460000,10551987469100,10552006727900,10552006914600,10552007063700,47,0,1
10551987089200,10552019506100,10552019795800,10552019802300,10552038711400,10552038949600,10552039115300,48,0,1
10552019858600,10552051366000,10552051647000,10552051652700,10552071164300,10552071378800,10552071549600,49,0,1
10552051701900,10552084169700,10552084537000,10552084545200,10552102012400,10552102211700,10552102343800,50,0,1
10552084201000,10552115300300,10552115633000,10552115638600,10552133755300,10552133939700,10552134086800,51,0,1
10552115330600,10552147158500,10552147658200,10552147668400,10552164645900,10552164834200,10552164998600,52,0,1
10552147698500,10552179470700,10552179789300,10552179795200,10552196885300,10552197102700,10552197270200,53,0,1
10552179500000,10552211701100,10552212005800,10552212011200,10552229196000,10552229372700,10552229517300,54,0,1
10552212063300,10552243346300,10552243663100,10552243669300,10552261289800,10552261478700,10552261626800,55,0,1
10552243376700,10552275167400,10552275515200,10552275522000,10552293654400,10552293902100,10552294061100,56,0,1
10552275197000,10552308178100,10552308559600,10552308566900,10552325769500,10552325953100,10552326095000,57,0,1
10552308212000,10552355220900,10552355676400,10552355684800,10552372790700,10552372996300,10552373134300,58,0,1
10552355771500,10552387362100,10552387698300,10552387703600,10552405228000,10552405421500,10552405569900,59,0,1
10552387402700,10552419691800,10552420103300,10552420108900,10552437698000,10552437877300,10552438052500,60,0,1
10552419723300,10552451831100,10552452121800,10552452128100,10552469754100,10552469935000,10552470081400,61,0,1
10552452262000,10552483266200,10552483580500,10552483586300,10552501721500,10552502072000,10552502299100,62,0,1
10552483628400,10552515821100,10552516190100,10552516197300,10552533708600,10552533885700,10552534032500,63,0,1
10552516248700,10552547671700,10552548009500,10552548016100,10552565342700,10552565560800,10552565709900,64,0,1
10552547701100,10552579459000,10552579749200,10552579754800,10552597369200,10552597606700,10552597737800,65,0,1
10552579802100,10552611319300,10552611717500,10552611724300,10552629293500,10552629540400,10552629694800,66,0,1
10552611348300,10552643359500,10552643697700,10552643703900,10552660939200,10552661160200,10552661370000,67,0,1
10552643390100,10552675668900,10552676006000,10552676012200,10552692790500,10552692969600,10552693117700,68,0,1
10552675703100,10552707417400,10552707732800,10552707738500,10552725185300,10552725367200,10552725516900,69,0,1
10552707447400,10552755950300,10552756278300,10552756283600,10552773946700,10552774150000,10552774287700,70,0,1
10552755978600,10552787529700,10552787824600,10552787830500,10552805194400,10552805403200,10552805557700,71,0,1
10552787877500,10552819311700,10552819628500,10552819634100,10552837318900,10552837521500,10552837677200,72,0,1
10552819342700,10552851240400,10552851556500,10552851562300,10552869212100,10552869549800,10552869801000,73,0,1
10552851270000,10552883182900,10552883584100,10552883590100,10552901486400,10552901660600,10552901803800,74,0,1
10552883217800,10552915623300,10552915907500,10552915913100,10552933580200,10552933766600,10552933905000,75,0,1
10552915962400,10552947423500,10552947713500,10552947719200,10552965392100,10552965568100,10552965710100,76,0,1
10552947741400,10552980001300,10552980406200,10552980412900,10552997401300,10552997614900,10552997774900,77,0,1
10552980035100,10553011341100,10553011652800,10553011658700,10553029958200,10553030166200,10553030320900,78,0,1
10553011708500,10553044498000,10553044827400,10553044833000,10553062033200,10553062211300,10553062361300,79,0,1
10553044527200,10553075311900,10553075623600,10553075629300,10553093304100,10553093517600,10553093664800,80,0,1
10553075341300,10553107568500,10553107927400,10553107933500,10553125593800,10553125775900,10553125950900,81,0,1
10553107603800,10553155354200,10553155681200,10553155686600,10553172764700,10553172943200,10553173072800,82,0,1
10553155386600,10553187665900,10553187983800,10553187989400,10553206016000,10553206198600,10553206343200,83,0,1
10553187695000,10553219331200,10553219622500,10553219628100,10553237965000,10553238225200,10553238371000,84,0,1
10553219675200,10553251237600,10553251568900,10553251575600,10553268771200,10553268944200,10553269092800,85,0,1
10553251594800,10553283250300,10553283533900,10553283539800,10553300862300,10553301052200,10553301202300,86,0,1
10553283587200,10553315683100,10553316026400,10553316032500,10553333462500,10553333636300,10553333777900,87,0,1
10553316082100,10553347088800,10553347432400,10553347438900,10553364844300,10553365034300,10553365181900,88,0,1
10553347117300,10553379627400,10553379943300,10553379949700,10553397262800,10553397470600,10553397612400,89,0,1
10553379657700,10553412181100,10553412528000,10553412534900,10553429784400,10553429960300,10553430104300,90,0,1
10553412584100,10553443373600,10553443691700,10553443697700,10553461079100,10553461258800,10553461405400,91,0,1
10553443405100,10553475520100,10553475843900,10553475849600,10553493223200,10553493399200,10553493544900,92,0,1
10553475551700,10553507572900,10553507985600,10553507992900,10553525605300,10553525781500,10553525938700,93,0,1
10553507602400,10553555106200,10553555428900,10553555434700,10553572877700,10553573072800,10553573253500,94,0,1
10553555140000,10553587091100,10553587471800,10553587478200,10553605924000,10553606166200,10553606321000,95,0,1
10553587122100,10553619739100,10553620081300,10553620098200,10553640447700,10553640812400,10553641126700,96,0,1
10553620146500,10553651408500,10553651780000,10553651785700,10553669546200,10553669762000,10553669918500,97,0,1
10553651833700,10553683432600,10553683743400,10553683749200,10553701342800,10553701521900,10553701664600,98,0,1
10553683464800,10553715383600,10553715736500,10553715742100,10553733971100,10553734180900,10553734355900,99,0,1
10553715414100,10553747265800,10553747593800,10553747599700,10553764745000,10553764973600,10553765164300,100,0,1
10553747297600,10553779546600,10553779864300,10553779870700,10553797087300,10553797260100,10553797431800,101,0,1
10553779941100,10553811532500,10553811860200,10553811866400,10553829350200,10553829535800,10553829677800,102,0,1
10553811562600,10553843839700,10553844131600,10553844136800,10553862295000,10553862508100,10553862819200,103,0,1
10553844156000,10553875783400,10553876210600,10553876224100,10553893695000,10553893916900,10553894047900,104,0,1
10553876247300,10553907433400,10553907772300,10553907777100,10553926053900,10553926250800,10553926393700,105,0,1
10553907468500,10553955121200,10553955638600,10553955645600,10553973541000,10553973758500,10553973913400,106,0,1
10553955692900,10553987016000,10553987385900,10553987393700,10554005162700,10554005358800,10554005511100,107,0,1
10553987423300,10554019349300,10554019633600,10554019639400,10554037646800,10554037844800,10554037995700,108,0,1
10554019684400,10554051951600,10554052334400,10554052340000,10554069673400,10554069851000,10554069997700,109,0,1
10554051980200,10554083065100,10554083380500,10554083386700,10554100795800,10554100981300,10554101131600,110,0,1
10554083095300,10554115161200,10554115453300,10554115459200,10554133701000,10554133960200,10554134117200,111,0,1
10554115504900,10554147811400,10554148192500,10554148200300,10554170027300,10554170228700,10554170383800,112,0,1
10554148258200,10554182114500,10554182524600,10554182533900,10554207301000,10554207619600,10554207869200,113,0,1
10554182562500,10554213079200,10554213391400,10554213396800,10554239577600,10554239838300,10554240027100,114,0,1
10554213506900,10554245903800,10554246250700,10554246256700,10554275500200,10554275772300,10554275966600,115,0,1
10554246309600,10554280446500,10554280934100,10554280941500,10554302191300,10554302469100,10554302682600,116,0,1
10554280991800,10554309120200,10554309562000,10554309568700,10554330023000,10554330206700,10554330356900,117,0,1
10554309152700,10554355295800,10554355630700,10554355638100,10554374444100,10554374632900,10554374781700,118,0,1
10554355697500,10554388225600,10554388606200,10554388614800,10554408773200,10554409013000,10554409197400,119,0,1
10554388676200,10554419858900,10554420164700,10554420170100,10554439985700,10554440191900,10554440359900,120,0,1
10554420227900,10554451517800,10554451881500,10554451887800,10554472508000,10554472699800,10554472845900,121,0,1
10554451558600,10554484497000,10554484855800,10554484864900,10554504024600,10554504212200,10554504361900,122,0,1
10554484534300,10554516245400,10554516574200,10554516579500,10554538658700,10554538947200,10554539192000,123,0,1
10554516276900,10554548642500,10554549076200,10554549083400,10554569571800,10554569796400,10554570071900,124,0,1
10554549148300,10554580517200,10554580837300,10554580842300,10554600254400,10554600455700,10554600616600,125,0,1
10554580552100,10554612215100,10554612726600,10554612739700,10554634880300,10554635073500,10554635230900,126,0,1
10554612806800,10554643620000,10554643954600,10554643960800,10554663488300,10554663678100,10554663826200,127,0,1
10554643653200,10554676047700,10554676354100,10554676360700,10554696350400,10554696539200,10554696676000,128,0,1
10554676409700,10554708393700,10554708766200,10554708773300,10554729199300,10554729378800,10554729528200,129,0,1
10554708802000,10554756146900,10554756543300,10554756549500,10554774982400,10554775220900,10554775412900,130,0,1
10554756178800,10554787701800,10554787986300,10554787992600,10554807716700,10554807925700,10554808123800,131,0,1
10554788053600,10554819460300,10554819732200,10554819737700,10554840133700,10554840322500,10554840463600,132,0,1
10554819781300,10554851276300,10554851565600,10554851571700,10554871780500,10554871977900,10554872124100,133,0,1
10554851620300,10554883782800,10554884087100,10554884093000,10554902452400,10554902631200,10554902776000,134,0,1
10554884146600,10554916550500,10554916846600,10554916852700,10554936278300,10554936465100,10554936622500,135,0,1
10554916582600,10554947449700,10554947842600,10554947848800,10554966525300,10554966844200,10554966989800,136,0,1
10554947492400,10554979389900,10554979758900,10554979767400,10554997156400,10554997337100,10554997476600,137,0,1
10554979419000,10555011449500,10555011802800,10555011809400,10555029885600,10555030160600,10555030370200,138,0,1
10555011480100,10555044168700,10555044494800,10555044501400,10555062219200,10555062395200,10555062544400,139,0,1
10555044198700,10555075291700,10555075632300,10555075638600,10555093757600,10555093957900,10555094150700,140,0,1
10555075321400,10555107046900,10555107373600,10555107379900,10555126030900,10555126269600,10555126443400,141,0,1
10555107407100,10555156692000,10555157031300,10555157039900,10555176270000,10555176498400,10555176676900,142,0,1
10555157067900,10555188118100,10555188523700,10555188547300,10555207616700,10555207897300,10555208074900,143,0,1
10555188193800,10555219460500,10555219645300,10555219650400,10555239852200,10555240115500,10555240291900,144,0,1
10555219669700,10555251690000,10555251896800,10555251909100,10555270873500,10555271058100,10555271207700,145,0,1
10555251943000,10555283192300,10555283406300,10555283415600,10555303216800,10555303411400,10555303581200,146,0,1
10555283442500,10555315827700,10555316055900,10555316063000,10555335670700,10555335860500,10555336014000,147,0,1
10555315859700,10555348677400,10555348894600,10555348900600,10555369761800,10555370116800,10555370354600,148,0,1
10555348928500,10555381615300,10555381794900,10555381801200,10555402521700,10555402727500,10555402886500,149,0,1
10555381851600,10555412395200,10555412612900,10555412620200,10555430943400,10555431224600,10555431468400,150,0,1
10555412437300,10555443286300,10555443511600,10555443518000,10555464523400,10555464719500,10555464882500,151,0,1
10555443317600,10555478596900,10555478911400,10555478920400,10555500118600,10555500349600,10555500518600,152,0,1
10555478635700,10555507268400,10555507477800,10555507486100,10555524525500,10555524710500,10555524844200,153,0,1
10555507545700,10555554903200,10555555109700,10555555115700,10555572285000,10555572468600,10555572611200,154,0,1
10555554933900,10555587248500,10555587441800,10555587454400,10555605028300,10555605296200,10555605473100,155,0,1
10555587485900,10555619174300,10555619425800,10555619435200,10555636470900,10555636665900,10555636817200,156,0,1
10555619477300,10555650955100,10555651147700,10555651155500,10555669279600,10555669478800,10555669623700,157,0,1
10555651217000,10555682922400,10555683143600,10555683152300,10555700149400,10555700343600,10555700513000,158,0,1
10555682954900,10555714978300,10555715199800,10555715207400,10555732274100,10555732467200,10555732613900,159,0,1
10555715006800,10555747238700,10555747427000,10555747432000,10555765172200,10555765404800,10555765546900,160,0,1
10555747477900,10555780195000,10555780386000,10555780395400,10555798049700,10555798267200,10555798451400,161,0,1
10555780461000,10555814884700,10555815091600,10555815100600,10555832815500,10555832997700,10555833130500,162,0,1
10555815202800,10555843184400,10555843392900,10555843398600,10555860522200,10555860700400,10555860828700,163,0,1
10555843215200,10555875417200,10555875629700,10555875640000,10555893806800,10555894005200,10555894149700,164,0,1
10555875675300,10555906989500,10555907188100,10555907193700,10555924377200,10555924672900,10555924869500,165,0,1
10555907267500,10555954941300,10555955153000,10555955158900,10555972570200,10555972808100,10555972970300,166,0,1
10555954971000,10555987141500,10555987434200,10555987445800,10556004311100,10556004497500,10556004647600,167,0,1
10555987179500,10556022452800,10556022739600,10556022747900,10556040860200,10556041098400,10556041255900,168,0,1
10556022788900,10556051333400,10556051560600,10556051570300,10556069609000,10556069790000,10556070046500,169,0,1
10556051601700,10556082970600,10556083231400,10556083238200,10556101496700,10556101679200,10556101823100,170,0,1
10556083000400,10556115132100,10556115351600,10556115361500,10556133546000,10556133731900,10556133876300,171,0,1
10556115163800,10556148143500,10556148327200,10556148333900,10556166924600,10556167214800,10556167396600,172,0,1
10556148376900,10556179230300,10556179402800,10556179408600,10556196775200,10556196982300,10556197146600,173,0,1
10556179448100,10556211780000,10556211971100,10556211977300,10556230867600,10556231114500,10556231369800,174,0,1
10556211998700,10556245183700,10556245394100,10556245400000,10556264176200,10556264409900,10556264576100,175,0,1
10556245221900,10556275040300,10556275271400,10556275279300,10556292414100,10556292730100,10556293007500,176,0,1
10556275342500,10556307619100,10556307830000,10556307836100,10556325464300,10556325648300,10556325791800,177,0,1
10556307880500,10556355134300,10556355351200,10556355358100,10556372604300,10556372795000,10556372934100,178,0,1
10556355178500,10556386994100,10556387181100,10556387187400,10556411513300,10556411896400,10556412054000,179,0,1
10556387233100,10556419354400,10556419563600,10556419570000,10556436955900,10556437140000,10556437280300,180,0,1
10556419384900,10556451669400,10556451923400,10556451932600,10556469571400,10556469754100,10556469901100,181,0,1
10556451965000,10556483050600,10556483266000,10556483272500,10556502222800,10556502403300,10556502545300,182,0,1
10556483081500,10556515291300,10556515480100,10556515485900,10556532609700,10556532799100,10556532947000,183,0,1
10556515320000,10556547651900,10556547866000,10556547872500,10556565648100,10556565835400,10556565988000,184,0,1
10556547684300,10556579646700,10556579869200,10556579878000,10556597056300,10556597243100,10556597378400,185,0,1
10556579907700,10556611638100,10556612005100,10556612021600,10556629817600,10556630002600,10556630158000,186,0,1
10556611688700,10556643953100,10556644180200,10556644185600,10556662168300,10556662345800,10556662516900,187,0,1
10556643984600,10556677126900,10556677377700,10556677386200,10556696430200,10556696656900,10556696802600,188,0,1
10556677417500,10556707833800,10556708033100,10556708037700,10556725819100,10556726004200,10556726160400,189,0,1
10556707863400,10556755356400,10556755546600,10556755552400,10556773875400,10556774065800,10556774211800,190,0,1
10556755574700,10556787104700,10556787321700,10556787327500,10556804915100,10556805174300,10556805359000,191,0,1
10556787137800,10556819084900,10556819303900,10556819309800,10556837019100,10556837286500,10556837427500,192,0,1
10556819114500,10556851139200,10556851362500,10556851372300,10556869960800,10556870146700,10556870299200,193,0,1
10556851173500,10556883644300,10556883899700,10556883908600,10556902634300,10556902813900,10556902962900,194,0,1
10556883675300,10556915574800,10556915810400,10556915819800,10556933680500,10556933895800,10556934052700,195,0,1
10556915607400,10556947464500,10556947704700,10556947712700,10556965683200,10556965928200,10556966120800,196,0,1
10556947495000,10556980313100,10556980513400,10556980519200,10556997975900,10556998196700,10556998336000,197,0,1
10556980564400,10557011893100,10557012072300,10557012078300,10557029549900,10557029819100,10557030034800,198,0,1
10557012129300,10557043994000,10557044183100,10557044189600,10557061850300,10557062041000,10557062183000,199,0,1
10557044209800,10557075343900,10557075573500,10557075580300,10557093393800,10557093582300,10557093735500,200,0,1
10557075376700,10557123343000,10557123539200,10557123546800,10557141019000,10557141232600,10557141411900,201,0,1
10557123603300,10557155473400,10557155702600,10557155710600,10557174293400,10557174526900,10557174696500,202,0,1
10557155511000,10557186943100,10557187178600,10557187185500,10557205976800,10557206163100,10557206318700,203,0,1
10557187211000,10557219174400,10557219409900,10557219421300,10557237889900,10557238098200,10557238319700,204,0,1
10557219455400,10557251439800,10557251631400,10557251638200,10557270688600,10557271032700,10557271211800,205,0,1
10557251689400,10557282973200,10557283166600,10557283173400,10557300799500,10557300974600,10557301117800,206,0,1
10557283200700,10557315970600,10557316146100,10557316151600,10557333997000,10557334250200,10557334419800,207,0,1
10557316191800,10557347400300,10557347648000,10557347657000,10557365564500,10557365754800,10557365905800,208,0,1
10557347689900,10557379290200,10557379517100,10557379527500,10557396864400,10557397110000,10557397321500,209,0,1
10557379564100,10557411945600,10557412158100,10557412163500,10557429861200,10557430040700,10557430184000,210,0,1
10557411988100,10557443155700,10557443346300,10557443351500,10557462248600,10557462436900,10557462583900,211,0,1
10557443425500,10557475379700,10557475644600,10557475653600,10557494051800,10557494366500,10557494517000,212,0,1
10557475420300,10557523100600,10557523294100,10557523301700,10557540739800,10557540947100,10557541105800,213,0,1
10557523347400,10557555802600,10557556024900,10557556031600,10557574710300,10557574893800,10557575037500,214,0,1
10557556057400,10557586923800,10557587167900,10557587178700,10557605260500,10557605464000,10557605619300,215,0,1
10557586956100,10557619356300,10557619590700,10557619602600,10557638606800,10557638812700,10557638971800,216,0,1
10557619695800,10557651321600,10557651496900,10557651502300,10557670228100,10557670455000,10557670673100,217,0,1
10557651544700,10557682991100,10557683202000,10557683211500,10557701193300,10557701413000,10557701606600,218,0,1
10557683024500,10557715656900,10557715883200,10557715890700,10557733246300,10557733436500,10557733582700,219,0,1
10557715953100,10557747550400,10557747733700,10557747740300,10557765835000,10557766022800,10557766170600,220,0,1
10557747781900,10557780042000,10557780251900,10557780260600,10557798147200,10557798326800,10557798485500,221,0,1
10557780297500,10557811475000,10557811719700,10557811728400,10557829623200,10557829831700,10557829998800,222,0,1
10557811506800,10557843739900,10557843945700,10557843954600,10557861524500,10557862097800,10557862325800,223,0,1
10557844024900,10557875138000,10557875395300,10557875403500,10557893208000,10557893434000,10557893646900,224,0,1
10557875183900,10557923145400,10557923334800,10557923340800,10557941322400,10557941519700,10557941669800,225,0,1
10557923382900,10557954918400,10557955124200,10557955130200,10557973691200,10557973919800,10557974072300,226,0,1
10557954950100,10557987720600,10557987995300,10557988009700,10558006814700,10558007100400,10558007348000,227,0,1
10557987758800,10558019501600,10558019722700,10558019729300,10558038184700,10558038374300,10558038521100,228,0,1
10558019539400,10558051733100,10558052004500,10558052010100,10558071995200,10558072232400,10558072412200,229,0,1
10558051774400,10558083526700,10558083854200,10558083872500,10558102764300,10558102983000,10558103187500,230,0,1
10558083564000,10558116149400,10558116365100,10558116374100,10558133984200,10558134178500,10558134333300,231,0,1
10558116438300,10558147710400,10558148027800,10558148036900,10558166589900,10558166853000,10558167062600,232,0,1
10558147740600,10558179626600,10558179831200,10558179840600,10558197468800,10558197667900,10558197819700,233,0,1
10558179870800,10558212172700,10558212446000,10558212454100,10558233715200,10558233981400,10558234210400,234,0,1
10558212516600,10558244886500,10558245080600,10558245086200,10558266373200,10558266684400,10558266924700,235,0,1
10558245133200,10558276082600,10558276267900,10558276274700,10558293743200,10558293927300,10558294076700,236,0,1
10558276300100,10558322914400,10558323090100,10558323096200,10558340367100,10558340624400,10558340828500,237,0,1
10558323139500,10558355470500,10558355660300,10558355666300,10558373467400,10558373647100,10558373792100,238,0,1
10558355709900,10558387041200,10558387295900,10558387303500,10558405649500,10558405927000,10558406131300,239,0,1
10558387075400,10558419489200,10558419698700,10558419751900,10558437414400,10558437632000,10558437813500,240,0,1
10558419520300,10558451257600,10558451533200,10558451544900,10558470794500,10558470969600,10558471107300,241,0,1
10558451601600,10558483020100,10558483226500,10558483236400,10558501044900,10558501256300,10558501408600,242,0,1
10558483268000,10558515384400,10558515585400,10558515591600,10558532982900,10558533173100,10558533326500,243,0,1
10558515415400,10558547556500,10558547770200,10558547775900,10558565065100,10558565278000,10558565444200,244,0,1
10558547589600,10558579259700,10558579439400,10558579445400,10558596284000,10558596461300,10558596609800,245,0,1
10558579486000,10558611659600,10558611946300,10558611955200,10558629052100,10558629254700,10558629395600,246,0,1
10558612018600,10558644399100,10558644580900,10558644587800,10558662074100,10558662261900,10558662407200,247,0,1
10558644627700,10558676285500,10558676463200,10558676469200,10558693945100,10558694126400,10558694271800,248,0,1
10558676529700,10558723445700,10558723707600,10558723713600,10558740744600,10558740935900,10558741083700,249,0,1
10558723478600,10558755590000,10558755791700,10558755796700,10558774485800,10558774735800,10558774887700,250,0,1
10558755619700,10558787058400,10558787247300,10558787254200,10558805739100,10558806001500,10558806256100,251,0,1
10558787302100,10558818922700,10558819137200,10558819143300,10558836749500,10558836986600,10558837143300,252,0,1
10558818950500,10558851452700,10558851657200,10558851663200,10558869786200,10558870059500,10558870259600,253,0,1
10558851484400,10558883530200,10558883735900,10558883741200,10558901419800,10558901595400,10558901741200,254,0,1
10558883560500,10558915439100,10558915647500,10558915653300,10558932899000,10558933087700,10558933237000,255,0,1
10558915471400,10558947253800,10558947470300,10558947476000,10558966057600,10558966338800,10558966532000,256,0,1
10558947284300,10558978979300,10558979497800,10558979512400,10558997011600,10558997214900,10558997402700,257,0,1
10558979121700,10559011409300,10559011676600,10559011685900,10559030607200,10559030849300,10559031037800,258,0,1
10559011440800,10559044056100,10559044347300,10559044354300,10559062061600,10559062248100,10559062408700,259,0,1
10559044451300,10559076259400,10559076510800,10559076520100,10559094099300,10559094295200,10559094455600,260,0,1
10559076583800,10559123714300,10559123899500,10559123904800,10559145034300,10559145250100,10559145406800,261,0,1
10559123945500,10559157995100,10559158253000,10559158258600,10559176783100,10559176961200,10559177105100,262,0,1
10559158312100,10559187054100,10559187265000,10559187270900,10559205798900,10559205994800,10559206144600,263,0,1
10559187085800,10559218937500,10559219153800,10559219158800,10559237565500,10559237825500,10559238010700,264,0,1
10559218967700,10559251365500,10559251602500,10559251615600,10559270562100,10559270823300,10559271086200,265,0,1
10559251697500,10559284455900,10559284745500,10559284762000,10559303189000,10559303377700,10559303528600,266,0,1
10559284484800,10559314889500,10559315097100,10559315102700,10559332315400,10559332493200,10559332636600,267,0,1
10559314921800,10559347076300,10559347374300,10559347389600,10559364396400,10559364594200,10559364768800,268,0,1
10559347119700,10559379246600,10559379448600,10559379454800,10559396810900,10559397016000,10559397178800,269,0,1
10559379277900,10559411858900,10559412142600,10559412153000,10559429186100,10559429365300,10559429508300,270,0,1
10559412189000,10559443202800,10559443429700,10559443438700,10559461052100,10559461231500,10559461379500,271,0,1
10559443232600,10559475177500,10559475380300,10559475388800,10559493429200,10559493771000,10559493951200,272,0,1
10559475454300,10559523092200,10559523278900,10559523285200,10559540497400,10559540676200,10559540818600,273,0,1
10559523360500,10559554887800,10559555094000,10559555099800,10559573104700,10559573383500,10559573601900,274,0,1
10559554914500,10559587186900,10559587416800,10559587424900,10559605151300,10559605348600,10559605500000,275,0,1
10559587454200,10559619296200,10559619530100,10559619536300,10559637890400,10559638065600,10559638211200,276,0,1
10559619562800,10559650957300,10559651161300,10559651167400,10559668953000,10559669199500,10559669388000,277,0,1
10559650986000,10559683066400,10559683238100,10559683244100,10559702252600,10559702465000,10559702673200,278,0,1
10559683283300,10559715395400,10559715624000,10559715637700,10559732721900,10559732990700,10559733172300,279,0,1
10559715687200,10559747319800,10559747535100,10559747540500,10559764475300,10559764695700,10559764859700,280,0,1
10559747349200,10559779288100,10559779511900,10559779517200,10559797911700,10559798085400,10559798223800,281,0,1
10559779535700,10559811211700,10559811472200,10559811480400,10559829079300,10559829268900,10559829415200,282,0,1
10559811244300,10559843179300,10559843392100,10559843400000,10559861035200,10559861268000,10559861453300,283,0,1
10559843505500,10559875487400,10559875733700,10559875745400,10559893739500,10559893928900,10559894076400,284,0,1
10559875819100,10559923178000,10559923442200,10559923456400,10559940499700,10559940706100,10559940907100,285,0,1
10559923208500,10559955000100,10559955233400,10559955242100,10559973148400,10559973337700,10559973490800,286,0,1
10559955033800,10559987695500,10559987872000,10559987888400,10560006288200,10560006465700,10560006632600,287,0,1
10559987954500,10560019177000,10560019398300,10560019403800,10560036994800,10560037243400,10560037391400,288,0,1
10560019206100,10560051136500,10560051332900,10560051339100,10560068456700,10560068640800,10560068786600,289,0,1
10560051383500,10560083129500,10560083394600,10560083408900,10560100690600,10560100970600,10560101121400,290,0,1
10560083453200,10560116171900,10560116375000,10560116381500,10560134560200,10560134742200,10560134910800,291,0,1
10560116424300,10560147458000,10560147633600,10560147639400,10560165166000,10560165351000,10560165496700,292,0,1
10560147742300,10560179172400,10560179383500,10560179389400,10560196613300,10560196794000,10560196946100,293,0,1
10560179199600,10560211087200,10560211295300,10560211304300,10560228142900,10560228320100,10560228464200,294,0,1
10560211331700,10560243217600,10560243511400,10560243524100,10560260473400,10560260692700,10560260843200,295,0,1
10560243259200,10560275066900,10560275324500,10560275332400,10560292787300,10560292992500,10560293164800,296,0,1
10560275097600,10560322873200,10560323118600,10560323127000,10560340399900,10560340869300,10560341128700,297,0,1
10560322902500,10560355740800,10560355924500,10560355930100,10560373010300,10560373202300,10560373351100,298,0,1
10560355973300,10560387177500,10560387362100,10560387367700,10560404592000,10560404805200,10560404997200,299,0,1
10560387455100,10560419074200,10560419272200,10560419277400,10560436096000,10560436271600,10560436410500,300,0,1
10560419105900,10560451254600,10560451500200,10560451506500,10560469342700,10560469561400,10560469737800,301,0,1
10560451612400,10560483544200,10560483715400,10560483721300,10560501160000,10560501341000,10560501484400,302,0,1
10560483741100,10560515038500,10560515263300,10560515272400,10560532360100,10560532550200,10560532695600,303,0,1
10560515066900,10560546961000,10560547171200,10560547178400,10560564201000,10560564470600,10560564643300,304,0,1
10560546990100,10560580091200,10560580292200,10560580298300,10560597332700,10560597588500,10560597764600,305,0,1
10560580349000,10560611709800,10560611988600,10560611996300,10560628551700,10560628730700,10560628874900,306,0,1
10560611753400,10560643091400,10560643328600,10560643336000,10560660754400,10560660962000,10560661115800,307,0,1
10560643123400,10560675356300,10560675590000,10560675597700,10560693302500,10560693472900,10560693606100,308,0,1
10560675386700,10560723231800,10560723418000,10560723423100,10560740178000,10560740360500,10560740502100,309,0,1
10560723444800,10560755200800,10560755437300,10560755444400,10560772579000,10560772762800,10560772905700,310,0,1
10560755465200,10560787222100,10560787437800,10560787444400,10560804661800,10560804856300,10560805013300,311,0,1
10560787253800,10560818907500,10560819179200,10560819192400,10560836794900,10560837009900,10560837165900,312,0,1
10560818939100,10560851222800,10560851417800,10560851425900,10560868811800,10560869046100,10560869190000,313,0,1
10560851482800,10560883127400,10560883362200,10560883370500,10560901264000,10560901490900,10560901633200,314,0,1
10560883157500,10560914925900,10560915127200,10560915133800,10560933414900,10560933619300,10560933807800,315,0,1
10560915190500,10560947941800,10560948149800,10560948159800,10560967247600,10560967461600,10560967614100,316,0,1
10560948184700,10560979048200,10560979340000,10560979354100,10560997056100,10560997238500,10560997379900,317,0,1
10560979085300,10561012402600,10561012606900,10561012613800,10561029716400,10561029903200,10561030049600,318,0,1
10561012672900,10561043614100,10561043848900,10561043860900,10561062002200,10561062300300,10561062502000,319,0,1
10561043648000,10561075855000,10561076053500,10561076060800,10561093721900,10561093908500,10561094049200,320,0,1
10561076131300,10561122889500,10561123101200,10561123106100,10561140674500,10561140858900,10561141008600,321,0,1
10561122921200,10561154957100,10561155195000,10561155200600,10561172490600,10561172669700,10561172813900,322,0,1
10561154988900,10561186880400,10561187093900,10561187100800,10561204888500,10561205075200,10561205281800,323,0,1
10561186909200,10561219230100,10561219443300,10561219455100,10561236663200,10561236897400,10561237046100,324,0,1
10561219519800,10561251122700,10561251344600,10561251353400,10561268385900,10561268561800,10561268703200,325,0,1
10561251151700,10561283142800,10561283349400,10561283359600,10561301209400,10561301453000,10561301606300,326,0,1
10561283407700,10561315085100,10561315261600,10561315267700,10561332474300,10561332655300,10561332791100,327,0,1
10561315307600,10561347354100,10561347624900,10561347631100,10561364567500,10561364749300,10561364892600,328,0,1
10561347401400,10561379144000,10561379342600,10561379352700,10561396939800,10561397139700,10561397288300,329,0,1
10561379422000,10561411254700,10561411436300,10561411442700,10561430145400,10561430374300,10561430569200,330,0,1
10561411462400,10561443981800,10561444258500,10561444270100,10561461040500,10561461232700,10561461383900,331,0,1
10561444317400,10561475971900,10561476189100,10561476200600,10561494276600,10561494556900,10561494817300,332,0,1
10561476239900,10561522997800,10561523210500,10561523216900,10561540223600,10561540400200,10561540541700,333,0,1
10561523030300,10561554988700,10561555279900,10561555288800,10561572742300,10561573025000,10561573174100,334,0,1
10561555023300,10561587569200,10561587851500,10561587858900,10561605885100,10561606065600,10561606212500,335,0,1
10561587606700,10561619268900,10561619505800,10561619513700,10561636093500,10561636272900,10561636430900,336,0,1
10561619302900,10561651810200,10561652000100,10561652007000,10561669574400,10561669757800,10561669906000,337,0,1
10561652062000,10561682958200,10561683163900,10561683170900,10561702017700,10561702257900,10561702421500,338,0,1
10561683201100,10561715055900,10561715400800,10561715416300,10561732421700,10561732637700,10561732785800,339,0,1
10561715115600,10561747733000,10561747975900,10561747988200,10561765468900,10561765651000,10561765796400,340,0,1
10561747763300,10561779713100,10561779920300,10561779931100,10561797110600,10561797367800,10561797535600,341,0,1
10561779960700,10561811223300,10561811425000,10561811430500,10561828937900,10561829130000,10561829278800,342,0,1
10561811253400,10561843079900,10561843288700,10561843295500,10561862198500,10561862384000,10561862530200,343,0,1
10561843110200,10561875586000,10561875819200,10561875825600,10561892458400,10561892650500,10561892829900,344,0,1
10561875628000,10561922857800,10561923063500,10561923069900,10561940148800,10561940378900,10561940551200,345,0,1
10561922888100,10561955238600,10561955503300,10561955510100,10561973744500,10561973935200,10561974086200,346,0,1
10561955272500,10561987670500,10561987895000,10561987903300,10562007200600,10562007410600,10562007576000,347,0,1
10561987700100,10562019037900,10562019249300,10562019258700,10562036844100,10562037032000,10562037181300,348,0,1
10562019069600,10562050877100,10562051104500,10562051112100,10562068230600,10562068414900,10562068563400,349,0,1
10562050906600,10562083311400,10562083614900,10562083626900,10562100722700,10562100994500,10562101147000,350,0,1
10562083357100,10562115095700,10562115269100,10562115275200,10562132534200,10562132752900,10562132964700,351,0,1
10562115293800,10562149782300,10562149966200,10562149971700,10562167273800,10562167570800,10562167752000,352,0,1
10562150016200,10562179591500,10562179764000,10562179769500,10562196938900,10562197118400,10562197262400,353,0,1
10562179788400,10562211824300,10562212035700,10562212041200,10562228812900,10562229071100,10562229244200,354,0,1
10562211856500,10562243322300,10562243542100,10562243548300,10562260317600,10562260496400,10562260628300,355,0,1
10562243598600,10562275126200,10562275329600,10562275335700,10562292566800,10562292757000,10562292910900,356,0,1
10562275155500,10562322983400,10562323198100,10562323203300,10562341307700,10562341486800,10562341629300,357,0,1
10562323016000,10562355330700,10562355520500,10562355526600,10562372679500,10562372861600,10562373002900,358,0,1
10562355547100,10562387034200,10562387251000,10562387259800,10562405112800,10562405303300,10562405452600,359,0,1
10562387066100,10562418882900,10562419112500,10562419121000,10562437259500,10562437543000,10562437740000,360,0,1
10562418913900,10562451179400,10562451421300,10562451432500,10562467971900,10562468156600,10562468302800,361,0,1
10562451477800,10562483502400,10562483703900,10562483713600,10562502099900,10562502370700,10562502554500,362,0,1
10562483782500,10562515307600,10562515482400,10562515488500,10562532065700,10562532247300,10562532393100,363,0,1
10562515539300,10562548007400,10562548266800,10562548277000,10562565075100,10562565275500,10562565418200,364,0,1
10562548309100,10562579175700,10562579369700,10562579374900,10562596105000,10562596282200,10562596424300,365,0,1
10562579397300,10562612246400,10562612476300,10562612482600,10562629116200,10562629294500,10562629437500,366,0,1
10562612287900,10562643169900,10562643446200,10562643453700,10562661296600,10562661506800,10562661687400,367,0,1
10562643208000,10562675330700,10562675553600,10562675559400,10562693037000,10562693216300,10562693386600,368,0,1
10562675359300,10562723211100,10562723411600,10562723417000,10562740479500,10562740655300,10562740797500,369,0,1
10562723242300,10562755501700,10562755681600,10562755687100,10562773107100,10562773305800,10562773456100,370,0,1
10562755728900,10562786912200,10562787120200,10562787126100,10562804379900,10562804560900,10562804704200,371,0,1
10562786943600,10562818987800,10562819225900,10562819233300,10562837446400,10562837656600,10562837836000,372,0,1
10562819032900,10562850924200,10562851154300,10562851160000,10562869041500,10562869284000,10562869486600,373,0,1
10562850955700,10562883292200,10562883491800,10562883497900,10562900404100,10562900592200,10562900737600,374,0,1
10562883321200,10562914876100,10562915081500,10562915087100,10562932134000,10562932332600,10562932513400,375,0,1
10562914907700,10562947336700,10562947551300,10562947558500,10562964390300,10562964672400,10562964891400,376,0,1
10562947604500,10562980290500,10562980542400,10562980550000,10562998958600,10562999177300,10562999419000,377,0,1
10562980321500,10563012184300,10563012428400,10563012434500,10563031020500,10563031203500,10563031358300,378,0,1
10563012225800,10563043831800,10563044041600,10563044046900,10563062617300,10563062867900,10563063077200,379,0,1
10563043863300,10563075304200,10563075502200,10563075507900,10563093574200,10563093760700,10563093908400,380,0,1
10563075332900,10563123212800,10563123434700,10563123441700,10563141999600,10563142194900,10563142345100,381,0,1
10563123243700,10563155598500,10563155855600,10563155870200,10563173845000,10563174079700,10563174245600,382,0,1
10563155628900,10563188622000,10563188844000,10563188849700,10563207791600,10563208661800,10563208942800,383,0,1
10563188653000,10563219695200,10563219957100,10563219966600,10563239186500,10563239370700,10563239523400,384,0,1
10563220003300,10563251878200,10563252053300,10563252058900,10563272080700,10563272309100,10563272460600,385,0,1
10563252116600,10563283139700,10563283352900,10563283358700,10563300578100,10563300752600,10563300899800,386,0,1
10563283169400,10563315881600,10563316110100,10563316115700,10563333230000,10563333443000,10563333598700,387,0,1
10563315917900,10563347089700,10563347292600,10563347298300,10563365363500,10563365537200,10563365676600,388,0,1
10563347375800,10563379425000,10563379632100,10563379638100,10563396623000,10563396814400,10563396963000,389,0,1
10563379453700,10563412042200,10563412254900,10563412261600,10563429899600,10563430133200,10563430339300,390,0,1
10563412076100,10563443211500,10563443421500,10563443428400,10563462643800,10563462832400,10563462983400,391,0,1
10563443239500,10563475127100,10563475370800,10563475378500,10563494487100,10563494686700,10563494835300,392,0,1
10563475398000,10563523140800,10563523321200,10563523326300,10563540519600,10563540710700,10563540864200,393,0,1
10563523369400,10563554876300,10563555096600,10563555104100,10563572256500,10563572450400,10563572597600,394,0,1
10563555162700,10563586904400,10563587117400,10563587125600,10563605540100,10563605733800,10563605928800,395,0,1
10563587175500,10563619705900,10563619890800,10563619896000,10563637820300,10563638014200,10563638216600,396,0,1
10563619938000,10563651157900,10563651363800,10563651369500,10563668701800,10563668882000,10563669030500,397,0,1
10563651188800,10563683893500,10563684135200,10563684146300,10563702531000,10563702712600,10563702880100,398,0,1
10563683935500,10563715112700,10563715324800,10563715335900,10563732373000,10563732609200,10563732757900,399,0,1
10563715372500,10563747139500,10563747315600,10563747323500,10563765100300,10563765286000,10563765437200,400,0,1
10563747348500,10563779389100,10563779625100,10563779633900,10563796262000,10563796440100,10563796586300,401,0,1
10563779430500,10563811166200,10563811400700,10563811408800,10563828686000,10563828865900,10563829012600,402,0,1
10563811196600,10563843964600,10563844209100,10563844215700,10563861386100,10563861582000,10563861729300,403,0,1
10563843997000,10563875795300,10563876031400,10563876041600,10563892707100,10563892892800,10563893041900,404,0,1
10563875828100,10563923076400,10563923276900,10563923284800,10563940442100,10563940637300,10563940776900,405,0,1
10563923315100,10563955157200,10563955416700,10563955423300,10563973770200,10563973958300,10563974103200,406,0,1
10563955472300,10563987028000,10563987254600,10563987264400,10564004455400,10564004637300,10564005000100,407,0,1
10563987059400,10564018992300,10564019224400,10564019233000,10564037417400,10564037618200,10564037778900,408,0,1
10564019021500,10564051195100,10564051435700,10564051446300,10564069270700,10564069492200,10564069683600,409,0,1
10564051520700,10564083075100,10564083339500,10564083351900,10564100218000,10564100395700,10564100540100,410,0,1
10564083397700,10564114828000,10564115052100,10564115058700,10564132141400,10564132401900,10564132549400,411,0,1
10564114860300,10564147301300,10564147550500,10564147558500,10564165101500,10564165315100,10564165469100,412,0,1
10564147332700,10564179225900,10564179405200,10564179411000,10564196619100,10564196808200,10564196957100,413,0,1
10564179453900,10564211235100,10564211452300,10564211458800,10564228777300,10564229084000,10564229321900,414,0,1
10564211266400,10564243672600,10564243866400,10564243874600,10564260668800,10564260845600,10564260985300,415,0,1
10564243950700,10564275422500,10564275647300,10564275654400,10564293204600,10564293391300,10564293539600,416,0,1
10564275452300,10564322860000,10564323058800,10564323067100,10564341824900,10564342023800,10564342174000,417,0,1
10564323097800,10564355869500,10564356086200,10564356094900,10564374167100,10564374450700,10564374649100,418,0,1
10564356161900,10564387264300,10564387496800,10564387504700,10564406621800,10564406812600,10564406963200,419,0,1
10564387295700,10564419401100,10564419587300,10564419594900,10564439900300,10564440408400,10564440633400,420,0,1
10564419654500,10564451549500,10564451932800,10564451944200,10564470097700,10564470279700,10564470421900,421,0,1
10564452027500,10564483386600,10564483615200,10564483623500,10564501033000,10564501221500,10564501370100,422,0,1
10564483416400,10564514946500,10564515160800,10564515168600,10564533604700,10564533791300,10564533996100,423,0,1
10564514977700,10564547485100,10564547664600,10564547670700,10564565060100,10564565247600,10564565392400,424,0,1
10564547706500,10564579072700,10564579249800,10564579256200,10564596456200,10564596696100,10564596881800,425,0,1
10564579301700,10564613197300,10564613368700,10564613374600,10564631877400,10564632191400,10564632398400,426,0,1
10564613441400,10564643059300,10564643276600,10564643284300,10564661571700,10564661760400,10564661908400,427,0,1
10564643090800,10564675961700,10564676135100,10564676141500,10564694805300,10564695052400,10564695255900,428,0,1
10564676160600,10564723452400,10564723664600,10564723670900,10564742981300,10564743206700,10564743393300,429,0,1
10564723483100,10564755736700,10564755980300,10564755991300,10564774320500,10564774609800,10564774876300,430,0,1
10564755767400,10564786864200,10564787068700,10564787076500,10564806154300,10564806435200,10564806611200,431,0,1
10564787105300,10564818981700,10564819270400,10564819288100,10564837225200,10564837421100,10564837595000,432,0,1
10564819036600,10564850912200,10564851128200,10564851137300,10564869984300,10564870211600,10564870377100,433,0,1
10564850942600,10564883654900,10564883858500,10564883867200,10564904374900,10564904630100,10564904784300,434,0,1
10564883683100,10564915923700,10564916181000,10564916196500,10564938762000,10564939133500,10564939360400,435,0,1
10564916246800,10564947663400,10564947892200,10564947899700,10564966179200,10564966375400,10564966525300,436,0,1
10564947701100,10564980134000,10564980356900,10564980365900,10564997803700,10564997985900,10564998131000,437,0,1
10564980165500,10565012022600,10565012236100,10565012248000,10565031911900,10565032123000,10565032285500,438,0,1
10565012286800,10565044103500,10565044312500,10565044319100,10565062550500,10565062748800,10565062910100,439,0,1
10565044135500,10565075531200,10565075736300,10565075744800,10565094868900,10565095050800,10565095195300,440,0,1
10565075775800,10565123831900,10565124053100,10565124062200,10565141771900,10565141958000,10565142106300,441,0,1
10565124143600,10565156539700,10565156819000,10565156825500,10565175268300,10565175452700,10565175599300,442,0,1
10565156576700,10565187241200,10565187444400,10565187451300,10565206133600,10565206323600,10565206471900,443,0,1
10565187502300,10565219348200,10565219556200,10565219565100,10565238692700,10565238939700,10565239091100,444,0,1
10565219593200,10565251320200,10565251495400,10565251501600,10565269560600,10565269776400,10565269987700,445,0,1
10565251545700,10565282925900,10565283109900,10565283117800,10565300544000,10565300803600,10565300949000,446,0,1
10565283182100,10565315525600,10565315701100,10565315707700,10565334454500,10565334643700,10565334791900,447,0,1
10565315748300,10565347479100,10565347658400,10565347664300,10565364994600,10565365175000,10565365322100,448,0,1
10565347684000,10565380147100,10565380345400,10565380350900,10565398242400,10565398429300,10565398577400,449,0,1
10565380177700,10565411598900,10565411777900,10565411783600,10565429955500,10565430230400,10565430409300,450,0,1
10565411832700,10565444095500,10565444298300,10565444305800,10565461719500,10565461920000,10565462066700,451,0,1
10565444363700,10565475508200,10565475733200,10565475739700,10565493770000,10565493980100,10565494139000,452,0,1
10565475766000,10565523218400,10565523427600,10565523433400,10565540597100,10565540832100,10565541024800,453,0,1
10565523246600,10565555040200,10565555269300,10565555282600,10565572344900,10565572523800,10565572666200,454,0,1
10565555328900,10565587022400,10565587236300,10565587243100,10565604499100,10565604700100,10565604850200,455,0,1
10565587054200,10565619235400,10565619462500,10565619471100,10565636286100,10565636468100,10565636611200,456,0,1
10565619265700,10565651060400,10565651228400,10565651233700,10565668192600,10565668371100,10565668542500,457,0,1
10565651277600,10565682935900,10565683149900,10565683156000,10565701494500,10565701684700,10565701829200,458,0,1
10565682964800,10565715303500,10565715471900,10565715478200,10565732382700,10565732568800,10565732711600,459,0,1
10565715526200,10565747834600,10565748039300,10565748045500,10565766218800,10565766403600,10565766558100,460,0,1
10565747869100,10565779108800,10565779325200,10565779330600,10565796160300,10565796346600,10565796493500,461,0,1
10565779140700,10565811834700,10565812085200,10565812092200,10565830777300,10565830980800,10565831125200,462,0,1
10565811878400,10565843224600,10565843421700,10565843427800,10565861858900,10565862048300,10565862216700,463,0,1
10565843256700,10565875648600,10565875856500,10565875873500,10565895577900,10565895854500,10565896043900,464,0,1
10565875914200,10565923398800,10565923631500,10565923639700,10565941867000,10565942094900,10565942274500,465,0,1
10565923707700,10565955008300,10565955184700,10565955190700,10565974147200,10565974332500,10565974488700,466,0,1
10565955233200,10565987124100,10565987329000,10565987338500,10566006186200,10566006517000,10566006761800,467,0,1
10565987410400,10566020176200,10566020489700,10566020508100,10566040356900,10566040625500,10566040862800,468,0,1
10566020567900,10566051734500,10566051976600,10566051986100,10566070876200,10566071062900,10566071214100,469,0,1
10566052053300,10566083410900,10566083589800,10566083595900,10566100901000,10566101086000,10566101233900,470,0,1
10566083640700,10566115366700,10566115574000,10566115590000,10566132760600,10566132950500,10566133096200,471,0,1
10566115654000,10566147554300,10566147718300,10566147724600,10566166435900,10566166634700,10566166795900,472,0,1
10566147837100,10566179270400,10566179499200,10566179506300,10566196539900,10566196727600,10566196897700,473,0,1
10566179305000,10566211787800,10566212006900,10566212012700,10566229232100,10566229413300,10566229559500,474,0,1
10566211821000,10566244364100,10566244556900,10566244565900,10566261618800,10566261819400,10566261966100,475,0,1
10566244626800,10566291328600,10566291554500,10566291563500,10566308479000,10566308660200,10566308802700,476,0,1
10566291593800,10566323002600,10566323236200,10566323243300,10566340600600,10566340840000,10566340994800,477,0,1
10566323304700,10566355089000,10566355265700,10566355271200,10566373875700,10566374192700,10566374386700,478,0,1
10566355314300,10566387119200,10566387325900,10566387331600,10566405374200,10566405858400,10566406045200,479,0,1
10566387149900,10566419106500,10566419275500,10566419281000,10566437772000,10566438031600,10566438206700,480,0,1
10566419325900,10566451766900,10566451965700,10566451972000,10566470004000,10566470193100,10566470348000,481,0,1
10566451798000,10566483135000,10566483391600,10566483397300,10566500843900,10566501028600,10566501185000,482,0,1
10566483183000,10566515625500,10566515900100,10566515909900,10566537683000,10566537889900,10566538040500,483,0,1
10566515941500,10566547558000,10566547830700,10566547843700,10566565149900,10566565334900,10566565485400,484,0,1
10566547889600,10566579135200,10566579369200,10566579375200,10566595875400,10566596103000,10566596294100,485,0,1
10566579166300,10566611666100,10566611901500,10566611910800,10566628649900,10566628824800,10566628968400,486,0,1
10566611701100,10566643553500,10566643768100,10566643776600,10566661112800,10566661291500,10566661440100,487,0,1
10566643581000,10566691224500,10566691441500,10566691450300,10566708720800,10566708900200,10566709046000,488,0,1
10566691252300,10566723213400,10566723421400,10566723432200,10566740711300,10566740892500,10566741037900,489,0,1
10566723463600,10566755401100,10566755608100,10566755613900,10566772615800,10566772805600,10566772952000,490,0,1
10566755428300,10566787013700,10566787192100,10566787199100,10566804475200,10566804718400,10566804911900,491,0,1
10566787244800,10566819591000,10566819802400,10566819808100,10566837546000,10566837738800,10566837875700,492,0,1
10566819848800,10566850922600,10566851124100,10566851129400,10566868852100,10566869027700,10566869169000,493,0,1
10566850954400,10566882985200,10566883228800,10566883239000,10566900116200,10566900292000,10566900435600,494,0,1
10566883015500,10566915804700,10566916083800,10566916098800,10566932791400,10566932986000,10566933135500,495,0,1
10566916142300,10566947521400,10566947721000,10566947726400,10566966469300,10566966726200,10566966887600,496,0,1
10566947549900,10566979638700,10566979847900,10566979853400,10566996477300,10566996656900,10566996805000,497,0,1
10566979669400,10567011073800,10567011282100,10567011287000,10567029465400,10567029659900,10567029800300,498,0,1
10567011103400,10567043169000,10567043372300,10567043378300,10567063364600,10567063552900,10567063703600,499,0,1
10567043199300,10567090985500,10567091181000,10567091189600,10567107867400,10567108047400,10567108187800,500,0,1
10567091252900,10567123561500,10567123858100,10567123873600,10567141137300,10567141320900,10567141465700,501,0,1
10567123595400,10567155436700,10567155653500,10567155662200,10567174917700,10567175135200,10567175293600,502,0,1
10567155712500,10567187719300,10567187935200,10567187941000,10567205945000,10567206151600,10567206305500,503,0,1
10567188017200,10567219499800,10567219678000,10567219683800,10567238100900,10567238315100,10567238463800,504,0,1
10567219729000,10567250888800,10567251134000,10567251147200,10567268886000,10567269062000,10567269204600,505,0,1
10567250919800,10567283118300,10567283354500,10567283361400,10567300602900,10567300786300,10567300931200,506,0,1
10567283149600,10567316247600,10567316487000,10567316492900,10567334877600,10567335056500,10567335211000,507,0,1
10567316279500,10567347584400,10567347766900,10567347772700,10567366258000,10567366460300,10567366650100,508,0,1
10567347816800,10567379256800,10567379489500,10567379496500,10567396644000,10567396870000,10567397015700,509,0,1
10567379285000,10567411188200,10567411388300,10567411397200,10567428460600,10567428635300,10567428784500,510,0,1
10567411426200,10567443242900,10567443522700,10567443539000,10567460940800,10567461115700,10567461259700,511,0,1
10567443596500,10567490890300,10567491058200,10567491063300,10567508269700,10567508449200,10567508605100,512,0,1
10567491105400,10567523112600,10567523286200,10567523292400,10567540895700,10567541274900,10567541440000,513,0,1
10567523336200,10567555890400,10567556125200,10567556133800,10567574573600,10567574784300,10567574953500,514,0,1
10567555919600,10567586872900,10567587078200,10567587085500,10567604277600,10567604453800,10567604603300,515,0,1
10567587140600,10567619009900,10567619250700,10567619276900,10567636613200,10567636795200,10567636941700,516,0,1
10567619039700,10567650956400,10567651155300,10567651162800,10567668842000,10567669021600,10567669179900,517,0,1
10567651208900,10567682885300,10567683120900,10567683129200,10567699996500,10567700290500,10567700502200,518,0,1
10567682918500,10567715328900,10567715562900,10567715569800,10567732243800,10567732454600,10567732600700,519,0,1
10567715359600,10567748145400,10567748337000,10567748342700,10567765567200,10567765744500,10567765890300,520,0,1
10567748175100,10567780121800,10567780329100,10567780337900,10567797862300,10567798109900,10567798311000,521,0,1
10567780398300,10567811426200,10567811750800,10567811766900,10567828879200,10567829065100,10567829210100,522,0,1
10567811470100,10567843060000,10567843270500,10567843277800,10567861538100,10567861923700,10567862129600,523,0,1
10567843356600,10567890976900,10567891151900,10567891157600,10567909118000,10567909409800,10567909632900,524,0,1
10567891200900,10567923758000,10567923930000,10567923935500,10567941039000,10567941221100,10567941364100,525,0,1
10567923980800,10567955482100,10567955677800,10567955683600,10567973052400,10567973281600,10567973436800,526,0,1
10567955512900,10567987232400,10567987412200,10567987418000,10568005511300,10568005763800,10568005966100,527,0,1
10567987439400,10568018951800,10568019152400,10568019159100,10568037096900,10568037280700,10568037432300,528,0,1
10568018981100,10568051132800,10568051355600,10568051366800,10568069983600,10568070244300,10568070418000,529,0,1
10568051398200,10568083401300,10568083582100,10568083588100,10568100498400,10568100677600,10568100826900,530,0,1
10568083608200,10568114957400,10568115157200,10568115162900,10568132589900,10568132831600,10568133030300,531,0,1
10568114986600,10568147207900,10568147451300,10568147457500,10568164251500,10568164435600,10568164585400,532,0,1
10568147240100,10568179123200,10568179934200,10568179946200,10568197422000,10568197602000,10568197745700,533,0,1
10568179163700,10568212302300,10568212529600,10568212536300,10568229777900,10568229954200,10568230133000,534,0,1
10568212333200,10568243464300,10568243698900,10568243708500,10568261258100,10568261476000,10568261619600,535,0,1
10568243496300,10568291495000,10568291676800,10568291682900,10568308559200,10568308789200,10568308983300,536,0,1
10568291732000,10568323075000,10568323252600,10568323257900,10568340622000,10568340808400,10568340953300,537,0,1
10568323302400,10568354901800,10568355133200,10568355139100,10568372781800,10568372964400,10568373110800,538,0,1
10568354937900,10568387114300,10568387346700,10568387377900,10568404770500,10568404952900,10568405102500,539,0,1
10568387143200,10568419600300,10568419768600,10568419774100,10568437043400,10568437288300,10568437446200,540,0,1
10568419815200,10568451439400,10568451707100,10568451723400,10568468892900,10568469071800,10568469214900,541,0,1
10568451471000,10568483285600,10568483467000,10568483473100,10568501400200,10568501623500,10568501779200,542,0,1
10568483514500,10568515199400,10568515414700,10568515420300,10568533709000,10568533967300,10568534136900,543,0,1
10568515235000,10568546923200,10568547166400,10568547173800,10568564282200,10568564466800,10568564613700,544,0,1
10568546952100,10568579211500,10568579387600,10568579393600,10568595974200,10568596234600,10568596399400,545,0,1
10568579434500,10568612146900,10568612329700,10568612336200,10568629092200,10568629274800,10568629422000,546,0,1
10568612384600,10568643893100,10568644098800,10568644103900,10568661593800,10568661772800,10568661915600,547,0,1
10568643921300,10568690988600,10568691192300,10568691197900,10568708494400,10568708677300,10568708839300,548,0,1
10568691020800,10568723044000,10568723227100,10568723233300,10568741186400,10568741364400,10568741548900,549,0,1
10568723254100,10568754974400,10568755178700,10568755184500,10568773200600,10568773378700,10568773519400,550,0,1
10568755004200,10568787016700,10568787373100,10568787380100,10568804653900,10568804961900,10568805124100,551,0,1
10568787144000,10568819579700,10568819782200,10568819793400,10568837693400,10568837897100,10568838063500,552,0,1
10568819828200,10568851590700,10568851811800,10568851820400,10568869525200,10568869890300,10568870224200,553,0,1
10568851619700,10568882925700,10568883103600,10568883109200,10568900369600,10568900590500,10568900734500,554,0,1
10568883157500,10568914943700,10568915276200,10568915284700,10568932477300,10568932659900,10568932805700,555,0,1
10568915314900,10568947298400,10568947481600,10568947487600,10568964843400,10568965024800,10568965174800,556,0,1
10568947528000,10568979507400,10568979688100,10568979694000,10568998097300,10568998270500,10568998436600,557,0,1
10568979736900,10569011350400,10569011565300,10569011571200,10569028919600,10569029106300,10569029272900,558,0,1
10569011381500,10569043199600,10569043442800,10569043448400,10569062298900,10569062485800,10569062636100,559,0,1
10569043229800,10569091458000,10569091704100,10569091709300,10569109847400,10569110157200,10569110350100,560,0,1
10569091490100,10569123100500,10569123315500,10569123322200,10569140549500,10569140746000,10569140894600,561,0,1
10569123129600,10569155021800,10569155278800,10569155285100,10569172515200,10569172781200,10569173072800,562,0,1
10569155050800,10569187407200,10569187613100,10569187619000,10569204962700,10569205157700,10569205317500,563,0,1
10569187438700,10569218960200,10569219171500,10569219177600,10569236483100,10569236668800,10569236820400,564,0,1
10569218990700,10569250951100,10569251158200,10569251164400,10569269293800,10569269621600,10569269943500,565,0,1
10569251207600,10569283652300,10569283907600,10569283915200,10569300795600,10569301015500,10569301158500,566,0,1
10569283696000,10569315482400,10569315667400,10569315673500,10569332887400,10569333081900,10569333258600,567,0,1
10569315772500,10569347633400,10569347816700,10569347821900,10569364590000,10569364763300,10569364912200,568,0,1
10569347867400,10569379457700,10569379619100,10569379624400,10569396966300,10569397145900,10569397376200,569,0,1
10569379735000,10569411314100,10569411496100,10569411502000,10569429045000,10569429273600,10569429439700,570,0,1
10569411344800,10569443647400,10569443887900,10569443897300,10569461057600,10569461230700,10569461375600,571,0,1
10569443934000,10569491507900,10569491762900,10569491769500,10569508983400,10569509261300,10569509423100,572,0,1
10569491555700,10569523165100,10569523361600,10569523369900,10569540343900,10569540599800,10569540803000,573,0,1
10569523426100,10569555416300,10569555692000,10569555701000,10569573778300,10569573957100,10569574103600,574,0,1
10569555815400,10569586819900,10569586998700,10569587004800,10569604789800,10569604975200,10569605129500,575,0,1
10569587048600,10569618942500,10569619123500,10569619129600,10569637853400,10569638089900,10569638261700,576,0,1
10569619151500,10569650870100,10569651088300,10569651099800,10569668017300,10569668198700,10569668346800,577,0,1
10569650899100,10569684163100,10569684363100,10569684368800,10569702759300,10569702940300,10569703092100,578,0,1
10569684194900,10569715278100,10569715496400,10569715502900,10569732539200,10569732719900,10569732864900,579,0,1
10569715306900,10569746995700,10569747199200,10569747204600,10569764560000,10569764738700,10569764904700,580,0,1
10569747025000,10569779180000,10569779411800,10569779417900,10569797238100,10569797604300,10569797795700,581,0,1
10569779208400,10569811213500,10569811425000,10569811431200,10569828499100,10569828676200,10569828821000,582,0,1
10569811482100,10569843327300,10569843555400,10569843561300,10569860859400,10569861059800,10569861216800,583,0,1
10569843358700,10569891133800,10569891347100,10569891352500,10569908091000,10569908359900,10569908546600,584,0,1
10569891163800,10569924066400,10569924264500,10569924270700,10569941324500,10569941506300,10569941641500,585,0,1
10569924315700,10569955037600,10569955239300,10569955245100,10569972463200,10569972738900,10569972897500,586,0,1
10569955067900,10569986980800,10569987292600,10569987301300,10570004719200,10570004892600,10570005025700,587,0,1
10569987013400,10570019017400,10570019242900,10570019250100,10570037830000,10570038013500,10570038164800,588,0,1
10570019303800,10570051064600,10570051254900,10570051260600,10570068944100,10570069163700,10570069336100,589,0,1
10570051095500,10570083226400,10570083428300,10570083436800,10570100474200,10570100652400,10570100795300,590,0,1
10570083499600,10570114919000,10570115113700,10570115124500,10570133149200,10570133331100,10570133478700,591,0,1
10570115179100,10570148116700,10570148350800,10570148359400,10570165399600,10570165616600,10570165780100,592,0,1
10570148148600,10570180517900,10570180724500,10570180732200,10570198731300,10570198943500,10570199092200,593,0,1
10570180795100,10570211746200,10570211935000,10570211941700,10570228937700,10570229132400,10570229323500,594,0,1
10570211779300,10570244124100,10570244308900,10570244314900,10570261134800,10570261314700,10570261460200,595,0,1
10570244358500,10570291238900,10570291428100,10570291435200,10570310316600,10570310488100,10570310635900,596,0,1
10570291274100,10570323422800,10570323623500,10570323629400,10570340852800,10570341040300,10570341188100,597,0,1
10570323452200,10570355362900,10570355544400,10570355550700,10570373055100,10570373271000,10570373450800,598,0,1
10570355597500,10570387352800,10570387568500,10570387577700,10570404535800,10570404715500,10570404863000,599,0,1
10570387661200,10570419073600,10570419267500,10570419277300,10570436868000,10570437075200,10570437229500,600,0,1
10570419337000,10570451109500,10570451341800,10570451353300,10570468396800,10570468572800,10570468718300,601,0,1
10570451140700,10570483093400,10570483286700,10570483294700,10570500771500,10570500954200,10570501092500,602,0,1
10570483318900,10570515190600,10570515383800,10570515392900,10570532348400,10570532522500,10570532665200,603,0,1
10570515420800,10570546991500,10570547278600,10570547291700,10570564231000,10570564448300,10570564615500,604,0,1
10570547338700,10570580359500,10570580577500,10570580586000,10570598560600,10570598776700,10570598924700,605,0,1
10570580387600,10570611371200,10570611580500,10570611591400,10570628293500,10570628471000,10570628614600,606,0,1
10570611664700,10570643127300,10570643321100,10570643330600,10570660452900,10570660638700,10570660795900,607,0,1
10570643386300,10570691406400,10570691605500,10570691612100,10570709092100,10570709272000,10570709420000,608,0,1
10570691436800,10570722959400,10570723204900,10570723215300,10570741695800,10570741919700,10570742083000,609,0,1
10570722992700,10570754934400,10570755177700,10570755187700,10570773309700,10570773491700,10570773633300,610,0,1
10570754964200,10570787079600,10570787293000,10570787301100,10570806012800,10570806208300,10570806357700,611,0,1
10570787326300,10570819400200,10570819598500,10570819604100,10570837831300,10570838012200,10570838183400,612,0,1
10570819431700,10570850950300,10570851169200,10570851175600,10570868637500,10570868819400,10570868962700,613,0,1
10570850981200,10570882877800,10570883096100,10570883102200,10570900423600,10570900602100,10570900750400,614,0,1
10570882908400,10570915069800,10570915352500,10570915362600,10570932385600,10570932601000,10570932760100,615,0,1
10570915407500,10570947157200,10570947411300,10570947420700,10570965288500,10570965473700,10570965639100,616,0,1
10570947193500,10570979154400,10570979392800,10570979401300,10570996621500,10570996839400,10570996985400,617,0,1
10570979185800,10571012201200,10571012473100,10571012484200,10571030312300,10571030513500,10571030706600,618,0,1
10571012515200,10571043156400,10571043403600,10571043409600,10571060310500,10571060493900,10571060738100,619,0,1
10571043186600,10571090961300,10571091145700,10571091151000,10571108487000,10571108660900,10571108803700,620,0,1
10571091194300,10571123120500,10571123388900,10571123402500,10571141540100,10571141723100,10571141864100,621,0,1
10571123451500,10571155199500,10571155654600,10571155662100,10571173307000,10571173487300,10571173631000,622,0,1
10571155682800,10571187288200,10571187526000,10571187534500,10571205333800,10571205517800,10571205666000,623,0,1
10571187319100,10571219851000,10571220070700,10571220078800,10571238124400,10571238308700,10571238457300,624,0,1
10571219879900,10571250987200,10571251240900,10571251253200,10571268785300,10571269009700,10571269202100,625,0,1
10571251019300,10571283086900,10571283362800,10571283377600,10571302961300,10571303147600,10571303281600,626,0,1
10571283426800,10571315162600,10571315351000,10571315359500,10571332483000,10571332741700,10571332940300,627,0,1
10571315384800,10571347485200,10571347671200,10571347677100,10571365067200,10571365247400,10571365394000,628,0,1
10571347753800,10571379216600,10571379427800,10571379433500,10571396485000,10571396716700,10571396900500,629,0,1
10571379246000,10571411545700,10571411765300,10571411771300,10571428854200,10571429144200,10571429346400,630,0,1
10571411578100,10571443676300,10571443885400,10571443895300,10571460475300,10571460661200,10571460804600,631,0,1
10571443957200,10571490877900,10571491149200,10571491163700,10571509282700,10571509457800,10571509599600,632,0,1
10571490907700,10571523118500,10571523356600,10571523366300,10571541518900,10571541697000,10571541853500,633,0,1
10571523148000,10571555132300,10571555349100,10571555356000,10571572427500,10571572648000,10571572791500,634,0,1
10571555383400,10571586824400,10571587037900,10571587043100,10571604741000,10571604923300,10571605068600,635,0,1
10571586864700,10571618909900,10571619139000,10571619147900,10571636035000,10571636212400,10571636369300,636,0,1
10571618937700,10571651779400,10571652008900,10571652015200,10571668510400,10571668687800,10571668834900,637,0,1
10571652074000,10571683473800,10571683674500,10571683682500,10571701569700,10571701765200,10571701899900,638,0,1
10571683783200,10571715344400,10571715569300,10571715575200,10571732646900,10571732828200,10571732972300,639,0,1
10571715392100,10571747140500,10571747315500,10571747321600,10571766581800,10571766799200,10571766950100,640,0,1
10571747402100,10571779271700,10571779501300,10571779507300,10571796435700,10571796660300,10571796840500,641,0,1
10571779313500,10571811834900,10571812063900,10571812069700,10571829163300,10571829344200,10571829486200,642,0,1
10571812169700,10571843068000,10571843275500,10571843282600,10571861095500,10571861340300,10571861530000,643,0,1
10571843306100,10571891436000,10571891645900,10571891651600,10571910299000,10571910475800,10571910613200,644,0,1
10571891464800,10571923143400,10571923349400,10571923359800,10571940675500,10571940851800,10571940996000,645,0,1
10571923174800,10571955208400,10571955416800,10571955423300,10571973093600,10571973278400,10571973434700,646,0,1
10571955449000,10571986936700,10571987165400,10571987173600,10572007057100,10572007240100,10572007388100,647,0,1
10571986967200,10572019052400,10572019358300,10572019370400,10572037491000,10572037682300,10572037895200,648,0,1
10572019098100,10572051090100,10572051325400,10572051333800,10572069157400,10572069346100,10572069498100,649,0,1
10572051118700,10572082972700,10572083209100,10572083218500,10572100280900,10572100459400,10572100604300,650,0,1
10572083002500,10572115745200,10572115963100,10572115969900,10572132740700,10572132951200,10572133100800,651,0,1
10572115773100,10572147108900,10572147319000,10572147325600,10572164281100,10572164469200,10572164637500,652,0,1
10572147140500,10572179534200,10572179720000,10572179726100,10572199476700,10572199720200,10572199910200,653,0,1
10572179776200,10572211741200,10572211949900,10572211956200,10572229835500,10572230065000,10572230208700,654,0,1
10572211771400,10572243555800,10572243789200,10572243795000,10572260506100,10572260687000,10572260831800,655,0,1
10572243588200,10572291552600,10572291761300,10572291767700,10572309393200,10572309575100,10572309719700,656,0,1
10572291583500,10572323617400,10572323871400,10572323881700,10572341149300,10572341336100,10572341488000,657,0,1
10572323914000,10572355334500,10572355613300,10572355620300,10572374755200,10572374980200,10572375152000,658,0,1
10572355369200,10572387096600,10572387371100,10572387378700,10572406626900,10572406822600,10572407011900,659,0,1
10572387152300,10572419018100,10572419211800,10572419218000,10572438769200,10572438953700,10572439116800,660,0,1
10572419266900,10572451919500,10572452163500,10572452171700,10572472009500,10572472193800,10572472345200,661,0,1
10572451953600,10572483097800,10572483345000,10572483354100,10572500993500,10572501208800,10572501368500,662,0,1
10572483144500,10572515342000,10572515521500,10572515527000,10572533481000,10572533732700,10572534076300,663,0,1
10572515570700,10572547438800,10572547638300,10572547647200,10572564448600,10572564627400,10572564771800,664,0,1
10572547702300,10572579540100,10572579748900,10572579754800,10572596493600,10572596693700,10572596844300,665,0,1
10572579783500,10572611236100,10572611411400,10572611417500,10572628271500,10572628447600,10572628589800,666,0,1
10572611461100,10572643139300,10572643337100,10572643342600,10572660388300,10572660575400,10572660723800,667,0,1
10572643167600,10572690884400,10572691095000,10572691100800,10572708562300,10572708819500,10572709028100,668,0,1
10572690915500,10572722980400,10572723292600,10572723300100,10572740221000,10572740397600,10572740538200,669,0,1
10572723015900,10572755507400,10572755778800,10572755785100,10572773228300,10572773427400,10572773567900,670,0,1
10572755543500,10572788179000,10572788418300,10572788424300,10572805938400,10572806119400,10572806270700,671,0,1
10572788209600,10572819346700,10572819526100,10572819532000,10572836455000,10572836700700,10572836857800,672,0,1
10572819586600,10572850886900,10572851096900,10572851102800,10572868538000,10572868793000,10572868941600,673,0,1
10572850915300,10572883499100,10572883739100,10572883749500,10572901005000,10572901318500,10572901487900,674,0,1
10572883790800,10572915460200,10572915655900,10572915667200,10572932972400,10572933170300,10572933333000,675,0,1
10572915717400,10572947167100,10572947339800,10572947346800,10572965765700,10572965979200,10572966140000,676,0,1
10572947395700,10572979949500,10572980155200,10572980162700,10572997038100,10572997213700,10572997388800,677,0,1
10572980188800,10573011963700,10573012166000,10573012173700,10573029109900,10573029332800,10573029476700,678,0,1
10573012203200,10573043268200,10573043483300,10573043489500,10573061007200,10573061267100,10573061432400,679,0,1
10573043297900,10573091035800,10573091259200,10573091264100,10573109471100,10573109753500,10573109977000,680,0,1
10573091063700,10573123626000,10573123849200,10573123856100,10573140683100,10573140943200,10573141137800,681,0,1
10573123898300,10573155054700,10573155304100,10573155311200,10573172684200,10573172894100,10573173074200,682,0,1
10573155088300,10573187334100,10573187558400,10573187563800,10573205085300,10573205273400,10573205436100,683,0,1
10573187367600,10573218982100,10573219181800,10573219187200,10573236871900,10573237086900,10573237236800,684,0,1
10573219010600,10573250873600,10573251095000,10573251100900,10573267971800,10573268151100,10573268295000,685,0,1
10573250903500,10573283191500,10573283385000,10573283390300,10573300298900,10573300477200,10573300623600,686,0,1
10573283433800,10573315349100,10573315516500,10573315522900,10573332563700,10573332757900,10573332935000,687,0,1
10573315565800,10573347327500,10573347583100,10573347589100,10573364512100,10573364694700,10573364838500,688,0,1
10573347359800,10573378952700,10573379160300,10573379166300,10573396477500,10573396658300,10573396804800,689,0,1
10573378983200,10573411676500,10573411887800,10573411893500,10573430224200,10573430407900,10573430558900,690,0,1
10573411706900,10573443799700,10573444015200,10573444021300,10573461111700,10573461289200,10573461434600,691,0,1
10573443832400,10573490973200,10573491199900,10573491207200,10573508043700,10573508236800,10573508383200,692,0,1
10573491323500,10573523218700,10573523386900,10573523392800,10573541498100,10573541741800,10573541924000,693,0,1
10573523496900,10573554990000,10573555202500,10573555207900,10573572498300,10573572676900,10573572821500,694,0,1
10573555024500,10573587032900,10573587236300,10573587242300,10573604562900,10573604745600,10573604898900,695,0,1
10573587062300,10573619294700,10573619539900,10573619545500,10573636665900,10573636899200,10573637139700,696,0,1
10573619325300,10573651185500,10573651388000,10573651393600,10573668156600,10573668392300,10573668543600,697,0,1
10573651443100,10573683207900,10573683383800,10573683389900,10573700430500,10573700617000,10573700765100,698,0,1
10573683433500,10573715094200,10573715336800,10573715345300,10573732700700,10573732876700,10573733019100,699,0,1
10573715127600,10573747057500,10573747277500,10573747285100,10573764276900,10573764454600,10573764603400,700,0,1
10573747085500,10573779254300,10573779462600,10573779469900,10573796977300,10573797189000,10573797384900,701,0,1
10573779524000,10573811862800,10573812116700,10573812125700,10573829683800,10573829868500,10573830018900,702,0,1
10573811901100,10573843175700,10573843396800,10573843403500,10573860599100,10573860797100,10573860947600,703,0,1
10573843206100,10573890910900,10573891135400,10573891141600,10573909074700,10573909359900,10573909535500,704,0,1
10573890940400,10573923010000,10573923185000,10573923190800,10573940627900,10573940804200,10573940951700,705,0,1
10573923236600,10573955165800,10573955378600,10573955384300,10573972826400,10573973038400,10573973190900,706,0,1
10573955195100,10573986925800,10573987216800,10573987228100,10574004659800,10574004889400,10574005091800,707,0,1
10573986957700,10574019652000,10574019995700,10574020007600,10574037814600,10574038001600,10574038155700,708,0,1
10574020057300,10574051262800,10574051524100,10574051531800,10574069254400,10574069436100,10574069583800,709,0,1
10574051292400,10574083180100,10574083444700,10574083453000,10574100821900,10574101023800,10574101166300,710,0,1
10574083211800,10574115069800,10574115265200,10574115270800,10574132783500,10574132969400,10574133120200,711,0,1
10574115097500,10574147377100,10574147619900,10574147627200,10574164193900,10574164443500,10574164687200,712,0,1
10574147410900,10574179835900,10574180100400,10574180109300,10574197536800,10574197716400,10574197857300,713,0,1
10574179867500,10574211374900,10574211618700,10574211628000,10574229091500,10574229278100,10574229423400,714,0,1
10574211405100,10574243437400,10574243667300,10574243674200,10574260896800,10574261078600,10574261225400,715,0,1
10574243760400,10574291792600,10574292036800,10574292044100,10574309176300,10574309435600,10574309611500,716,0,1
10574291822400,10574323850400,10574324178000,10574324187400,10574347618500,10574348275600,10574348654000,717,0,1
10574324218600,10574359065400,10574359792300,10574359804600,10574389518800,10574389846900,10574390070100,718,0,1
10574359110900,10574390334500,10574390500200,10574390504900,10574415986600,10574416280200,10574416507800,719,0,1
10574390584700,10574420672200,10574420909300,10574420914400,10574448016600,10574448213400,10574448369500,720,0,1
10574420976800,10574452825600,10574453146900,10574453168000,10574476904700,10574477277900,10574477546700,721,0,1
10574453273400,10574483703300,10574484029300,10574484038700,10574505198400,10574505595100,10574505858400,722,0,1
10574483758100,10574516128700,10574516342400,10574516347800,10574535030700,10574535255700,10574535469500,723,0,1
10574516161900,10574548293100,10574548554300,10574548563500,10574569273200,10574569495000,10574569654800,724,0,1
10574548335000,10574579844600,10574580039000,10574580046700,10574600416600,10574600603400,10574600771700,725,0,1
10574580070700,10574611211300,10574611421100,10574611431700,10574633373300,10574633563800,10574633746600,726,0,1
10574611525800,10574644795600,10574645177400,10574645184400,10574663218600,10574663401300,10574663564800,727,0,1
10574644845800,10574691440000,10574691645200,10574691650500,10574710317300,10574710515500,10574710694800,728,0,1
10574691468400,10574724765100,10574724962500,10574724968800,10574744222300,10574744502400,10574744735900,729,0,1
10574725017100,10574755844400,10574756083000,10574756090600,10574774230100,10574774417400,10574774655000,730,0,1
10574755885600,10574787063900,10574787250700,10574787257000,10574805763000,10574805951100,10574806142600,731,0,1
10574787095100,10574818988200,10574819218100,10574819226200,10574837021200,10574837235500,10574837380300,732,0,1
10574819020100,10574854636200,10574854893000,10574854900200,10574880111300,10574880306200,10574880480000,733,0,1
10574854679300,10574885056600,10574885339200,10574885349200,10574906078200,10574906274000,10574906435700,734,0,1
10574886220600,10574915340100,10574915544700,10574915550000,10574934836100,10574935125500,10574935319000,735,0,1
10574915597000,10574947187600,10574947362400,10574947367400,10574963970500,10574964197600,10574964405800,736,0,1
10574947414000,10574979132700,10574979333700,10574979340700,10574995901600,10574996086600,10574996235600,737,0,1
10574979390500,10575011213600,10575011507300,10575011518000,10575028038800,10575028211500,10575028377000,738,0,1
10575011240600,10575042848000,10575043072000,10575043078700,10575059453800,10575059627700,10575059789800,739,0,1
10575042876100,10575090870100,10575091097300,10575091103700,10575107690000,10575107889600,10575108050300,740,0,1
10575090899200,10575122844700,10575123073100,10575123083100,10575139547200,10575139719100,10575139879100,741,0,1
10575122877200,10575154983800,10575155217600,10575155225100,10575171750600,10575171996500,10575172168500,742,0,1
10575155013900,10575187055800,10575187277300,10575187284800,10575204455700,10575204665200,10575204820900,743,0,1
10575187084800,10575219012200,10575219236300,10575219242400,10575236023900,10575236198800,10575236343200,744,0,1
10575219041600,10575251072000,10575251271700,10575251278600,10575268454500,10575268711700,10575268922200,745,0,1
10575251099400,10575283189700,10575283461000,10575283465800,10575299854000,10575300031000,10575300189800,746,0,1
10575283239100,10575314972200,10575315187600,10575315192500,10575333022800,10575333209000,10575333397400,747,0,1
10575315007100,10575347311800,10575347524000,10575347529200,10575364012600,10575364195600,10575364338700,748,0,1
10575347342700,10575379040000,10575379274500,10575379283200,10575396034200,10575396211300,10575396357900,749,0,1
10575379066700,10575410881800,10575411107900,10575411113900,10575428495900,10575428695300,10575428856900,750,0,1
10575410909200,10575459152900,10575459362300,10575459369600,10575475820100,10575475997900,10575476159000,751,0,1
10575459184900,10575491208200,10575491408100,10575491416200,10575507751500,10575507926300,10575508084900,752,0,1
10575491476000,10575523139700,10575523348000,10575523356900,10575540102800,10575540314200,10575540472800,753,0,1
10575523167600,10575554874800,10575555079900,10575555087300,10575570962900,10575571132300,10575571288200,754,0,1
10575554900100,10575587849000,10575588076900,10575588087900,10575604616700,10575604787100,10575604944400,755,0,1
10575588166500,10575618776800,10575618957700,10575618964600,10575635407300,10575635575000,10575635715300,756,0,1
10575618990300,10575650762900,10575651038300,10575651053500,10575667154700,10575667339300,10575667476100,757,0,1
10575650790800,10575682896300,10575683106200,10575683110800,10575699854200,10575700102400,10575700301800,758,0,1
10575682924200,10575714780300,10575714942500,10575714947000,10575731095700,10575731276200,10575731433900,759,0,1
10575715052300,10575747040500,10575747229100,10575747234000,10575763667600,10575763879800,10575764015600,760,0,1
10575747067200,10575779022700,10575779186900,10575779192000,10575795974100,10575796211500,10575796417600,761,0,1
10575779232100,10575811921800,10575812145200,10575812153400,10575829717800,10575829946000,10575830130400,762,0,1
10575811963300,10575859076100,10575859273400,10575859279100,10575875492200,10575875688900,10575875857100,763,0,1
10575859331100,10575891027600,10575891218500,10575891224800,10575908431000,10575908626800,10575908797300,764,0,1
10575891264400,10575923535000,10575923725600,10575923735000,10575943826900,10575944035200,10575944200200,765,0,1
10575923774400,10575956309100,10575956560600,10575956568800,10575975067900,10575975329500,10575975493100,766,0,1
10575956355400,10575987876900,10575988053100,10575988059000,10576006884000,10576007098000,10576007279800,767,0,1
10575988103800,10576019924900,10576020108500,10576020114100,10576037660200,10576037855800,10576038008100,768,0,1
10576019955400,10576050875200,10576051056000,10576051061800,10576068866400,10576069155700,10576069368400,769,0,1
10576050904800,10576084204000,10576084395100,10576084402500,10576102167600,10576102463600,10576102655900,770,0,1
10576084451200,10576115018800,10576115235700,10576115240900,10576132153400,10576132340000,10576132495800,771,0,1
10576115056200,10576146839400,10576147032800,10576147038500,10576163764600,10576163955500,10576164124800,772,0,1
10576146870100,10576179877900,10576180085900,10576180092300,10576201841300,10576202088200,10576202310400,773,0,1
10576180141400,10576211063400,10576211304200,10576211312500,10576229673200,10576229852800,10576230014700,774,0,1
10576211094000,10576259296700,10576259483800,10576259492000,10576277389900,10576277582200,10576277741300,775,0,1
10576259516700,10576292078100,10576292383000,10576292400100,10576312791300,10576313034100,10576313207600,776,0,1
10576292118400,10576323544600,10576323813400,10576323829000,10576343287800,10576343484500,10576343695500,777,0,1
10576323576600,10576356352200,10576356539000,10576356545300,10576377666200,10576377996500,10576378175400,778,0,1
10576356607800,10576389314500,10576389556300,10576389565500,10576411128700,10576411501000,10576411721400,779,0,1
10576389616200,10576420354600,10576420590100,10576420596100,10576444069600,10576444603600,10576444809500,780,0,1
10576420725300,10576453517100,10576453756900,10576453771700,10576477162400,10576477488700,10576477709900,781,0,1
10576453848100,10576484036300,10576484209800,10576484216300,10576502440700,10576502635500,10576502809100,782,0,1
10576484266700,10576515830900,10576516014000,10576516022400,10576533460700,10576533648600,10576533819300,783,0,1
10576515863300,10576548036000,10576548248500,10576548254900,10576565743000,10576565971200,10576566147400,784,0,1
10576548066400,10576579188200,10576579401200,10576579409600,10576597201000,10576597403600,10576597569800,785,0,1
10576579219800,10576611112300,10576611312500,10576611317400,10576628834800,10576629067500,10576629243000,786,0,1
10576611142700,10576659431600,10576659631300,10576659637500,10576678666100,10576678868200,10576679047700,787,0,1
10576659469500,10576692037600,10576692230600,10576692240700,10576710401300,10576710610000,10576710782400,788,0,1
10576692348800,10576723391300,10576723604400,10576723609200,10576741296900,10576741557300,10576741784600,789,0,1
10576723423000,10576755488500,10576755730900,10576755759400,10576774375400,10576774668600,10576774906200,790,0,1
10576755817500,10576787762300,10576787965800,10576787971100,10576805361700,10576805563000,10576805733800,791,0,1
10576787792900,10576819807100,10576820036300,10576820041500,10576838079300,10576838288600,10576838441900,792,0,1
10576819848500,10576851335000,10576851610000,10576851622200,10576870227900,10576870462500,10576870633300,793,0,1
10576851407600,10576883614400,10576883809500,10576883815600,10576901676000,10576901857300,10576902014300,794,0,1
10576883859400,10576916756700,10576916958700,10576916966000,10576935821300,10576936047000,10576936301200,795,0,1
10576917021900,10576947906100,10576948117300,10576948123600,10576966112300,10576966299700,10576966458000,796,0,1
10576947935400,10576980064500,10576980235300,10576980241100,10576999062900,10576999247400,10576999411900,797,0,1
10576980290200,10577011382500,10577011594600,10577011609500,10577031292300,10577031482100,10577031646800,798,0,1
10577011651700,10577059053200,10577059231400,10577059240500,10577078426700,10577078624500,10577078803600,799,0,1
10577059271400,10577090935600,10577091107200,10577091116100,10577108976800,10577109168700,10577109338800,800,0,1
10577091169400,10577123809200,10577124028000,10577124036800,10577141935000,10577142123100,10577142323500,801,0,1
10577123839600,10577154979500,10577155137200,10577155143800,10577171910300,10577172100100,10577172268100,802,0,1
10577155186100,10577187522200,10577187709400,10577187714900,10577209175300,10577209538300,10577209763000,803,0,1
10577187552000,10577220437300,10577220773600,10577220779300,10577238407600,10577238591700,10577238756800,804,0,1
10577220488300,10577251578900,10577251782700,10577251788400,10577268894200,10577269085300,10577269251600,805,0,1
10577251607000,10577283043700,10577283258900,10577283264000,10577300427300,10577300646800,10577300788000,806,0,1
10577283070600,10577315015100,10577315204700,10577315209600,10577332347400,10577332556000,10577332712000,807,0,1
10577315043300,10577347438700,10577347640700,10577347645700,10577364930600,10577365127200,10577365357800,808,0,1
10577347467700,10577379211400,10577379472100,10577379495900,10577395859600,10577396029600,10577396180100,809,0,1
10577379249300,10577411188500,10577411407500,10577411412500,10577428230900,10577428465300,10577428717100,810,0,1
10577411216500,10577459014800,10577459201300,10577459206900,10577476081500,10577476285000,10577476484600,811,0,1
10577459251500,10577491754600,10577491968800,10577491973900,10577508735300,10577508911200,10577509063000,812,0,1
10577491787000,10577522923400,10577523133600,10577523140300,10577539389300,10577539648900,10577539859200,813,0,1
10577522951500,10577555435800,10577555645100,10577555653100,10577572842100,10577573015600,10577573170700,814,0,1
10577555463500,10577586868200,10577587090400,10577587097000,10577603659400,10577603832800,10577603991100,815,0,1
10577586894000,10577619031600,10577619266200,10577619273300,10577635837100,10577636060000,10577636265700,816,0,1
10577619063400,10577651218500,10577651413800,10577651419200,10577667724400,10577667896500,10577668057100,817,0,1
10577651247100,10577683026300,10577683236500,10577683240900,10577699807900,10577699996800,10577700164700,818,0,1
10577683053500,10577714897000,10577715110600,10577715116900,10577731447000,10577731625700,10577731789100,819,0,1
10577714925900,10577746922400,10577747189600,10577747201000,10577763439700,10577763615300,10577763771100,820,0,1
10577746952400,10577779321100,10577779515600,10577779524400,10577796354300,10577796536800,10577796707200,821,0,1
10577779578400,10577810926700,10577811132200,10577811139600,10577827705400,10577827882500,10577828045900,822,0,1
10577810954100,10577859295500,10577859504200,10577859511700,10577876077900,10577876253200,10577876421900,823,0,1
10577859662600,10577891020000,10577891242200,10577891248200,10577908047400,10577908296100,10577908522200,824,0,1
10577891047800,10577922997000,10577923185400,10577923190100,10577939843400,10577940018600,10577940160400,825,0,1
10577923025600,10577955125700,10577955318800,10577955324500,10577972044200,10577972242000,10577972411200,826,0,1
10577955152400,10577987188600,10577987410000,10577987416000,10578003897700,10578004180900,10578004445900,827,0,1
10577987217300,10578019355400,10578019524800,10578019530100,10578035715000,10578035892600,10578036037700,828,0,1
10578019570600,10578050867900,10578051030400,10578051036100,10578067739400,10578067917500,10578068076100,829,0,1
10578051077300,10578082947000,10578083154800,10578083160500,10578099752000,10578099936400,10578100131600,830,0,1
10578082975300,10578115066300,10578115309600,10578115322500,10578131504900,10578131679800,10578131836200,831,0,1
10578115427800,10578147041600,10578147254500,10578147259900,10578164740200,10578164956800,10578165117800,832,0,1
10578147070100,10578178980100,10578179187200,10578179195100,10578195705500,10578195882200,10578196046300,833,0,1
10578179007700,10578211231900,10578211425600,10578211430600,10578228267900,10578228436400,10578228593600,834,0,1
10578211260400,10578258898400,10578259107200,10578259112800,10578275532600,10578275730800,10578275893000,835,0,1
10578258927800,10578290812200,10578291003000,10578291008100,10578307226500,10578307402900,10578307567000,836,0,1
10578290839800,10578323098900,10578323321100,10578323371800,10578340337200,10578340518100,10578340669400,837,0,1
10578323127300,10578355070800,10578355261800,10578355267300,10578371704000,10578372012400,10578372318800,838,0,1
10578355097500,10578387433800,10578387634900,10578387640600,10578403912800,10578404103300,10578404251200,839,0,1
10578387463400,10578419837600,10578420034900,10578420040200,10578437083000,10578437312300,10578437485400,840,0,1
10578419865100,10578451246300,10578451436900,10578451446400,10578468478400,10578468665200,10578468837700,841,0,1
10578451570700,10578483019700,10578483252000,10578483260900,10578499963200,10578500164800,10578500325300,842,0,1
10578483053000,10578514951500,10578515162300,10578515170700,10578531697900,10578532101100,10578532361400,843,0,1
10578515202000,10578547284300,10578547448100,10578547453600,10578563974700,10578564148000,10578564305900,844,0,1
10578547493900,10578578971200,10578579168400,10578579173800,10578595842500,10578596022900,10578596172700,845,0,1
10578579000600,10578611134700,10578611313200,10578611318300,10578627839000,10578628019400,10578628179300,846,0,1
10578611429700,10578659300100,10578659513000,10578659518700,10578676081800,10578676261000,10578676418400,847,0,1
10578659330000,10578690892900,10578691064700,10578691070200,10578707786400,10578707977700,10578708123300,848,0,1
10578691123500,10578722864400,10578723079600,10578723086300,10578739432200,10578739603600,10578739762700,849,0,1
10578722892300,10578755301900,10578755515200,10578755522600,10578771798000,10578771974100,10578772121900,850,0,1
10578755330800,10578786986000,10578787196700,10578787204000,10578804185300,10578804396500,10578804561200,851,0,1
10578787014400,10578819039800,10578819209200,10578819214400,10578835377500,10578835553300,10578835702600,852,0,1
10578819254900,10578850821500,10578851019400,10578851024300,10578867414200,10578867584400,10578867743900,853,0,1
10578850847900,10578883275400,10578883478200,10578883483000,10578900380000,10578900605900,10578900772300,854,0,1
10578883303800,10578914938500,10578915124700,10578915129800,10578931910100,10578932086300,10578932249800,855,0,1
10578914965100,10578946894800,10578947104900,10578947110000,10578964012500,10578964291900,10578964486500,856,0,1
10578946925000,10578978874800,10578979082300,10578979088700,10578995548000,10578995725800,10578995885700,857,0,1
10578978901800,10579010951900,10579011188700,10579011196800,10579027711200,10579027886200,10579028050000,858,0,1
10579011330500,10579059184600,10579059500600,10579059506500,10579076249300,10579076428700,10579076593300,859,0,1
10579059214800,10579091000600,10579091198600,10579091203900,10579108013900,10579108360700,10579108560300,860,0,1
10579091030500,10579123758500,10579123952900,10579123958200,10579140618100,10579140798200,10579140963500,861,0,1
10579123787000,10579154871000,10579155061600,10579155066700,10579171835500,10579172038900,10579172257000,862,0,1
10579154898300,10579187457200,10579187692000,10579187702600,10579204647200,10579204858800,10579205003700,863,0,1
10579187495400,10579218993900,10579219247700,10579219260200,10579235505300,10579235676900,10579235834800,864,0,1
10579219023300,10579251031600,10579251244700,10579251252700,10579267895900,10579268095300,10579268268700,865,0,1
10579251058200,10579283200600,10579283410600,10579283418800,10579300785900,10579300962500,10579301123000,866,0,1
10579283229400,10579315711100,10579315933100,10579315942600,10579332204900,10579332384100,10579332543700,867,0,1
10579315742900,10579347165700,10579347367300,10579347374600,10579364158500,10579364360900,10579364508700,868,0,1
10579347435600,10579379002000,10579379199800,10579379204400,10579395573900,10579395759600,10579395910800,869,0,1
10579379268100,10579410888700,10579411059000,10579411064000,10579427739800,10579427962400,10579428161300,870,0,1
10579411109200,10579458933200,10579459104200,10579459109700,10579476435500,10579476647000,10579476863800,871,0,1
10579459156600,10579491822000,10579492079600,10579492087100,10579508960100,10579509136200,10579509301400,872,0,1
10579492113200,10579523341200,10579523565000,10579523573100,10579541039300,10579541215100,10579541377100,873,0,1
10579523371800,10579554972500,10579555164300,10579555169500,10579571563100,10579571732900,10579571895800,874,0,1
10579554999300,10579587099300,10579587353500,10579587359000,10579603995100,10579604189200,10579604352100,875,0,1
10579587140100,10579619042200,10579619215200,10579619220300,10579635522000,10579635732900,10579635928300,876,0,1
10579619261700,10579651145100,10579651336100,10579651343500,10579670185800,10579670385400,10579670595100,877,0,1
10579651403000,10579683023600,10579683233800,10579683239600,10579700113000,10579700292800,10579700454300,878,0,1
10579683051100,10579714940300,10579715160500,10579715167600,10579732251200,10579732433300,10579732620800,879,0,1
10579714969100,10579747192900,10579747407100,10579747412100,10579764190900,10579764371200,10579764543100,880,0,1
10579747431100,10579779239900,10579779451900,10579779457100,10579797421400,10579797615700,10579797795300,881,0,1
10579779268600,10579811540300,10579811761000,10579811769900,10579828885000,10579829064900,10579829224600,882,0,1
10579811571700,10579858969100,10579859191900,10579859198900,10579876324700,10579876509400,10579876682600,883,0,1
10579859000500,10579890901900,10579891132800,10579891140000,10579908799500,10579908979300,10579909139200,884,0,1
10579890929700,10579922879800,10579923121900,10579923130400,10579940025900,10579940196400,10579940357400,885,0,1
10579922907800,10579955206300,10579955436800,10579955447500,10579972018000,10579972198700,10579972358300,886,0,1
10579955532100,10579986978400,10579987183900,10579987189900,10580004805300,10580005061400,10580005268800,887,0,1
10579987007300,10580019521000,10580019761000,10580019768800,10580036678400,10580036861000,10580037022500,888,0,1
10580019551900,10580050842100,10580051057200,10580051063600,10580067993700,10580068203000,10580068365600,889,0,1
10580050870000,10580082961500,10580083158900,10580083164100,10580100006600,10580100242200,10580100411200,890,0,1
10580082990800,10580115344300,10580115616400,10580115624500,10580133900600,10580134079000,10580134224300,891,0,1
10580115381100,10580147220700,10580147430300,10580147436100,10580164037000,10580164254700,10580164457400,892,0,1
10580147248200,10580179693100,10580179938300,10580179945900,10580196778400,10580197000300,10580197162700,893,0,1
10580179722500,10580211278600,10580211474000,10580211479700,10580227986200,10580228163800,10580228326000,894,0,1
10580211306600,10580258905300,10580259107000,10580259111900,10580276259800,10580276446800,10580276615900,895,0,1
10580258933900,10580291111400,10580291314100,10580291319600,10580308383800,10580308562100,10580308725500,896,0,1
