t_grab_ns,t_host_ns,t_dequeue_ns,t_infer_start_ns,t_infer_end_ns,t_send_ns,t_sent_ns,frame_idx,dropped_before,pose
11655319243500,11655348175100,11655348271100,11655348277000,11655379734000,11655380038600,11655380470800,0,0,1
11655348208300,11655381452200,11655381634400,11655381639900,11655398895700,11655399076300,11655399225900,1,0,1
11655381479200,11655412509100,11655412704800,11655412709600,11655429887500,11655430065900,11655430221100,2,0,1
11655412536900,11655445070700,11655445270500,11655445274800,11655462509200,11655462686800,11655462865800,3,0,1
11655445098600,11655477222300,11655477452900,11655477458100,11655495029600,11655495206300,11655495351200,4,0,1
11655477252600,11655512294700,11655512513100,11655512517300,11655530072900,11655530254600,11655530410700,5,0,1
11655512639600,11655540972300,11655541143000,11655541148700,11655558420300,11655558632000,11655558782300,6,0,1
11655541198900,11655572758200,11655572951000,11655572956000,11655591876400,11655592113800,11655592263600,7,0,1
11655572784700,11655604918200,11655605109000,11655605113600,11655625182400,11655625458700,11655625649900,8,0,1
11655604945800,11655652980300,11655653157700,11655653162500,11655670577500,11655670763500,11655670909300,9,0,1
11655653207900,11655684778400,11655685126700,11655685142600,11655705470700,11655705664600,11655705824400,10,0,1
11655684809200,11655716979400,11655717164400,11655717169200,11655736562800,11655736768500,11655736921600,11,0,1
11655717188900,11655749580800,11655749828200,11655749833700,11655768006800,11655768218300,11655768483900,12,0,1
11655749618200,11655781292300,11655781535500,11655781542700,11655799549500,11655799740600,11655799936900,13,0,1
11655781322000,11655813784400,11655813965100,11655813970200,11655832407600,11655832607000,11655832856300,14,0,1
11655814045600,11655846025500,11655846257800,11655846263600,11655864114400,11655864288000,11655864431000,15,0,1
11655846058400,11655877712000,11655877954700,11655877958900,11655896225100,11655896458600,11655896609100,16,0,1
11655877739500,11655909633600,11655909816700,11655909822700,11655927359800,11655927529000,11655927669300,17,0,1
11655909850000,11655941355200,11655941545200,11655941551400,11655961930400,11655962102900,11655962244200,18,0,1
11655941578600,11655973790300,11655974062000,11655974069200,11655992877800,11655993061500,11655993231500,19,0,1
11655973826700,11656005898000,11656006168500,11656006181700,11656023915700,11656024125500,11656024264200,20,0,1
11656006221200,11656053356600,11656053537400,11656053542500,11656072500200,11656072746100,11656072952500,21,0,1
11656053598200,11656085282800,11656085462500,11656085470600,11656107833000,11656108006100,11656108177500,22,0,1
11656085502300,11656117770000,11656118010500,11656118015200,11656140487800,11656140698600,11656140876700,23,0,1
11656117801600,11656150204900,11656150442300,11656150450000,11656171509500,11656171752300,11656171962500,24,0,1
11656150476300,11656181763000,11656182005900,11656182015500,11656205710100,11656206235500,11656206546100,25,0,1
11656181799500,11656214385400,11656214618100,11656214623000,11656233139300,11656233320700,11656233542500,26,0,1
11656214417500,11656245680500,11656245885100,11656245893200,11656263260800,11656263452100,11656263604100,27,0,1
11656245709100,11656278323200,11656278530600,11656278534700,11656298011000,11656298204700,11656298358500,28,0,1
11656278351900,11656309213600,11656309371200,11656309376100,11656328470900,11656328660300,11656328829400,29,0,1
11656309414800,11656342015200,11656342248600,11656342254400,11656360050500,11656360319400,11656360499500,30,0,1
11656342330100,11656374795400,11656374966500,11656374971300,11656396022700,11656396212600,11656396373200,31,0,1
11656375053100,11656405580300,11656405741100,11656405745400,11656423942800,11656424238800,11656424384200,32,0,1
11656405764100,11656453132600,11656453307900,11656453314000,11656471235500,11656471418900,11656471564900,33,0,1
11656453356900,11656486031700,11656486209400,11656486216100,11656503732800,11656503912700,11656504059600,34,0,1
11656486266300,11656516995500,11656517191500,11656517197600,11656536495600,11656536682500,11656536860600,35,0,1
11656517024700,11656549122500,11656549348100,11656549356500,11656566757500,11656567119700,11656567425800,36,0,1
11656549386100,11656581600500,11656581815400,11656581828700,11656599719500,11656599897200,11656600044500,37,0,1
11656581855100,11656613787800,11656613994900,11656614001300,11656632283300,11656632460000,11656632612700,38,0,1
11656613818400,11656645477500,11656645699100,11656645708600,11656663153900,11656663328900,11656663473400,39,0,1
11656645739800,11656677281600,11656677515500,11656677523700,11656695313200,11656695493700,11656695639100,40,0,1
11656677311500,11656710581300,11656710778300,11656710788500,11656728467900,11656728650800,11656728799200,41,0,1
11656710818600,11656741607500,11656741870300,11656741880800,11656761710800,11656761929000,11656762085800,42,0,1
11656741918900,11656773665900,11656773900400,11656773909300,11656792000700,11656792185200,11656792370800,43,0,1
11656773695000,11656806660500,11656806864500,11656806870500,11656826720000,11656827071700,11656827266500,44,0,1
11656806917700,11656853544200,11656853761300,11656853769000,11656871758200,11656871930300,11656872068000,45,0,1
11656853578400,11656885033500,11656885241600,11656885248200,11656904349400,11656904536900,11656904712100,46,0,1
11656885065200,11656917613100,11656917821600,11656917833700,11656936927600,11656937111000,11656937259300,47,0,1
11656917866600,11656949555400,11656949760900,11656949772100,11656967546900,11656967738400,11656967904500,48,0,1
11656949794800,11656981341200,11656981546400,11656981555200,11656999805500,11657000036100,11657000253800,49,0,1
11656981594600,11657013021400,11657013255900,11657013264500,11657030651100,11657030828300,11657030977700,50,0,1
11657013052100,11657045228100,11657045430900,11657045436300,11657063550600,11657063737500,11657063888900,51,0,1
11657045257600,11657077811400,11657078060100,11657078068800,11657095973400,11657096174000,11657096340500,52,0,1
11657078093800,11657109862700,11657110042900,11657110048800,11657127909000,11657128152900,11657128318400,53,0,1
11657110070900,11657141597300,11657141773600,11657141779100,11657159220000,11657159423300,11657159577800,54,0,1
11657141823300,11657173741900,11657173914300,11657173919200,11657191695900,11657192011200,11657192332700,55,0,1
11657173967600,11657205335900,11657205531500,11657205536800,11657222871300,11657223054500,11657223204100,56,0,1
11657205363900,11657253295900,11657253496100,11657253502300,11657271753300,11657271945700,11657272106300,57,0,1
11657253324800,11657285289000,11657285473300,11657285479000,11657303743500,11657303942900,11657304105800,58,0,1
11657285529100,11657317633200,11657317944500,11657317957500,11657337039200,11657337282200,11657337449800,59,0,1
11657317669500,11657349277800,11657349479000,11657349485500,11657367822100,11657368010000,11657368162400,60,0,1
11657349308700,11657381379800,11657381586900,11657381593100,11657399862900,11657400085600,11657400307900,61,0,1
11657381409600,11657412925000,11657413122600,11657413129000,11657430604800,11657430803000,11657430963200,62,0,1
11657412956700,11657446107500,11657446266200,11657446272500,11657464178400,11657464373500,11657464527200,63,0,1
11657446311100,11657477935900,11657478117700,11657478124100,11657496143300,11657496354900,11657496510300,64,0,1
11657478144400,11657509508400,11657509717600,11657509723500,11657527032900,11657527214900,11657527365700,65,0,1
11657509537800,11657541501700,11657541743200,11657541749700,11657558901300,11657559073600,11657559214600,66,0,1
11657541531300,11657573354500,11657573585300,11657573592400,11657590838900,11657591025600,11657591170300,67,0,1
11657573382400,11657605064900,11657605278100,11657605287100,11657622811400,11657623012900,11657623205200,68,0,1
11657605315900,11657652944200,11657653175000,11657653180500,11657670128300,11657670303400,11657670468500,69,0,1
11657652976700,11657685498000,11657685672700,11657685678500,11657702624500,11657702869300,11657703030100,70,0,1
11657685700700,11657717014100,11657717230900,11657717237300,11657734932200,11657735168900,11657735334800,71,0,1
11657717042800,11657749217800,11657749396600,11657749404200,11657766765100,11657766944500,11657767090900,72,0,1
11657749448300,11657781357400,11657781563500,11657781568900,11657798648300,11657798836000,11657798983800,73,0,1
11657781384900,11657813239300,11657813415500,11657813423100,11657832822800,11657833008600,11657833186500,74,0,1
11657813468800,11657845432100,11657845646400,11657845652500,11657863037400,11657863243800,11657863390100,75,0,1
11657845463000,11657877445700,11657877637200,11657877643300,11657895388200,11657895577900,11657895731600,76,0,1
11657877689200,11657909079800,11657909252000,11657909257400,11657927801300,11657928044500,11657928254500,77,0,1
11657909280600,11657941129300,11657941318000,11657941323600,11657959693100,11657959921700,11657960070700,78,0,1
11657941156200,11657973135300,11657973640400,11657973648900,11657992956000,11657993135600,11657993281400,79,0,1
11657973879400,11658005957200,11658006140600,11658006146500,11658023598700,11658023784300,11658023931700,80,0,1
11658006165700,11658053404700,11658053604400,11658053610400,11658070637400,11658070819600,11658070964300,81,0,1
11658053664900,11658084848800,11658085058000,11658085063800,11658103606900,11658103787500,11658103934500,82,0,1
11658084879200,11658117054500,11658117303400,11658117309700,11658135356600,11658135558100,11658135704900,83,0,1
11658117083700,11658149741300,11658150099400,11658150129200,11658167488700,11658167668700,11658167815500,84,0,1
11658150163300,11658180872100,11658181055000,11658181060800,11658198140100,11658198320100,11658198495800,85,0,1
11658181104700,11658213683200,11658213884500,11658213890200,11658230952800,11658231133300,11658231279800,86,0,1
11658213711300,11658245462000,11658245659000,11658245665300,11658262994100,11658263220000,11658263388500,87,0,1
11658245489600,11658277115600,11658277379100,11658277385300,11658294110100,11658294304800,11658294458100,88,0,1
11658277144800,11658309064700,11658309305500,11658309314600,11658326807600,11658327075200,11658327232200,89,0,1
11658309099400,11658341793300,11658342174700,11658342180800,11658361241600,11658361423200,11658361572000,90,0,1
11658342283500,11658373757300,11658373938200,11658373944700,11658391343700,11658391525900,11658391670300,91,0,1
11658373990800,11658405150600,11658405318800,11658405324100,11658422719300,11658422896000,11658423045600,92,0,1
11658405368300,11658453305500,11658453529900,11658453535900,11658471272400,11658471455200,11658471604500,93,0,1
11658453339300,11658485233200,11658485418700,11658485424500,11658502473800,11658502651200,11658502797000,94,0,1
11658485471200,11658516882200,11658517105100,11658517110700,11658534584800,11658534814600,11658534992300,95,0,1
11658516911300,11658548954800,11658549153900,11658549160000,11658568171200,11658568372200,11658568555600,96,0,1
11658548983200,11658581437400,11658581610400,11658581615800,11658598769700,11658598985000,11658599145600,97,0,1
11658581659500,11658613678600,11658613868000,11658613874000,11658632073700,11658632321700,11658632530900,98,0,1
11658613893200,11658645992300,11658646214300,11658646220100,11658663122300,11658663327800,11658663481800,99,0,1
11658646023500,11658677332200,11658677568000,11658677573800,11658694945900,11658695131700,11658695281600,100,0,1
11658677362200,11658709213300,11658709394600,11658709399900,11658726724800,11658726947100,11658727101900,101,0,1
11658709447800,11658741578700,11658741797400,11658741804000,11658759332100,11658759513800,11658759666200,102,0,1
11658741609500,11658773101000,11658773328600,11658773336400,11658791237800,11658791415400,11658791561700,103,0,1
11658773131100,11658804962700,11658805163100,11658805168900,11658822819800,11658822993300,11658823137300,104,0,1
11658804991600,11658853307700,11658853487600,11658853494000,11658871164000,11658871338000,11658871481000,105,0,1
11658853514800,11658885223800,11658885429900,11658885435500,11658903032500,11658903222500,11658903377000,106,0,1
11658885253000,11658917104700,11658917282700,11658917287800,11658937077200,11658937253900,11658937404900,107,0,1
11658917307600,11658949446900,11658949633500,11658949639900,11658967822600,11658968061700,11658968214700,108,0,1
11658949659900,11658981477800,11658981652600,11658981659200,11658999364000,11658999544900,11658999731500,109,0,1
11658981677600,11659012832900,11659013066500,11659013072600,11659030324700,11659030507200,11659030653800,110,0,1
11659012862300,11659044869100,11659045086000,11659045093800,11659062638700,11659062819200,11659062964300,111,0,1
11659044900100,11659077391900,11659077683100,11659077693000,11659095379200,11659095609500,11659095832400,112,0,1
11659077422400,11659110075100,11659110291200,11659110305500,11659128201000,11659128377800,11659128519500,113,0,1
11659110343700,11659141698100,11659141914500,11659141922400,11659160644000,11659160826300,11659160974000,114,0,1
11659141726600,11659173387200,11659173587700,11659173594400,11659191013500,11659191190700,11659191347900,115,0,1
11659173645000,11659205251500,11659205632500,11659205652900,11659223484000,11659223658800,11659223822900,116,0,1
11659205304300,11659253128000,11659253316100,11659253321000,11659270715200,11659270902200,11659271052800,117,0,1
11659253158100,11659284981700,11659285262700,11659285289900,11659303509700,11659303755000,11659303910500,118,0,1
11659285015100,11659317511300,11659317684300,11659317690000,11659336041900,11659336229700,11659336385600,119,0,1
11659317741200,11659348917600,11659349124400,11659349130800,11659367060600,11659367236500,11659367382300,120,0,1
11659348946600,11659381035700,11659381253900,11659381260200,11659398341800,11659398518500,11659398662300,121,0,1
11659381065500,11659413077300,11659413254500,11659413260500,11659430555600,11659430734000,11659430881100,122,0,1
11659413302900,11659445146200,11659445323300,11659445329400,11659464514900,11659464691300,11659464839600,123,0,1
11659445348000,11659477641400,11659477872000,11659477878200,11659495398100,11659495571900,11659495715900,124,0,1
11659477671200,11659509093800,11659509323600,11659509331100,11659526619300,11659526943200,11659527127300,125,0,1
11659509124900,11659541751000,11659542020100,11659542031000,11659560416700,11659560598700,11659560748100,126,0,1
11659541780200,11659573058000,11659573339500,11659573358500,11659590692000,11659590865600,11659591007700,127,0,1
11659573085800,11659605183900,11659605457600,11659605465200,11659623005200,11659623236200,11659623403600,128,0,1
11659605216900,11659652910600,11659653130100,11659653136300,11659672284200,11659672504800,11659672654500,129,0,1
11659652940900,11659685440700,11659685734300,11659685745300,11659704127200,11659704309900,11659704466200,130,0,1
11659685476400,11659716989700,11659717211200,11659717221600,11659734835200,11659735017000,11659735161000,131,0,1
11659717017800,11659749221800,11659749446800,11659749456400,11659767069200,11659767244500,11659767386900,132,0,1
11659749251300,11659781013000,11659781241000,11659781248000,11659799219400,11659799402300,11659799557600,133,0,1
11659781041000,11659813722300,11659813954900,11659813969800,11659831294400,11659831483100,11659831636600,134,0,1
11659813751300,11659845458800,11659845689100,11659845694900,11659864370300,11659864549800,11659864692900,135,0,1
11659845488500,11659877115900,11659877346000,11659877355900,11659894684100,11659894916100,11659895087900,136,0,1
11659877143700,11659909176500,11659909393300,11659909399100,11659926892200,11659927067600,11659927213700,137,0,1
11659909205900,11659941056500,11659941298900,11659941307600,11659959315200,11659959532100,11659959683100,138,0,1
11659941085400,11659973250300,11659973511600,11659973517500,11659992583900,11659992803600,11659992985600,139,0,1
11659973302800,11660005355800,11660005537400,11660005543000,11660022741100,11660022925300,11660023072800,140,0,1
11660005588400,11660053251100,11660053435000,11660053441700,11660070550200,11660070731400,11660070880200,141,0,1
11660053461500,11660084997500,11660085223900,11660085232400,11660103071200,11660103245300,11660103397400,142,0,1
11660085026200,11660116931600,11660117167400,11660117179500,11660134604900,11660134780100,11660134920100,143,0,1
11660117219700,11660148965800,11660149204000,11660149211300,11660167339700,11660167580400,11660167731700,144,0,1
11660148995300,11660181067800,11660181269000,11660181275900,11660198856500,11660199047000,11660199205500,145,0,1
11660181300200,11660213474200,11660213662900,11660213671200,11660230470300,11660230648100,11660230797000,146,0,1
11660213698100,11660245191300,11660245420600,11660245431800,11660262635200,11660262840100,11660263023400,147,0,1
11660245219000,11660277409600,11660277617500,11660277628000,11660294861200,11660295036500,11660295182300,148,0,1
11660277656700,11660309470600,11660309867200,11660309879700,11660328120700,11660328293500,11660328438000,149,0,1
11660309582400,11660341114300,11660341345900,11660341354000,11660358567400,11660358791500,11660358963900,150,0,1
11660341142400,11660373402700,11660373581700,11660373586800,11660390529400,11660390707500,11660390857700,151,0,1
11660373634800,11660422007100,11660422200600,11660422207300,11660439372900,11660439567900,11660439713600,152,0,1
11660422232100,11660453196400,11660453420300,11660453426500,11660471274300,11660471452500,11660471601100,153,0,1
11660453238800,11660484989200,11660485216100,11660485226800,11660503102000,11660503273000,11660503436700,154,0,1
11660485300100,11660516879100,11660517098400,11660517105400,11660535143600,11660535355300,11660535532300,155,0,1
11660516908300,11660548915900,11660549120200,11660549128700,11660566587200,11660566800800,11660566980100,156,0,1
11660549159600,11660581822700,11660582020000,11660582030700,11660599560700,11660599742200,11660599885300,157,0,1
11660582056400,11660613373800,11660613582600,11660613592900,11660631017300,11660631205900,11660631364400,158,0,1
11660613624200,11660645479600,11660645664300,11660645670100,11660663011900,11660663273200,11660663469000,159,0,1
11660645719500,11660677011300,11660677220800,11660677226300,11660694526200,11660694780100,11660694971400,160,0,1
11660677039100,11660709644600,11660709826800,11660709832300,11660727489200,11660727729900,11660727895100,161,0,1
11660709883400,11660741292800,11660741470600,11660741476600,11660759722300,11660759898000,11660760040000,162,0,1
11660741499100,11660773171700,11660773376200,11660773381400,11660791368000,11660791543200,11660791690300,163,0,1
11660773200400,11660821339800,11660821513700,11660821519500,11660839578200,11660839758500,11660839909700,164,0,1
11660821538400,11660853320100,11660853545700,11660853552400,11660870718700,11660870890700,11660871035000,165,0,1
11660853350300,11660884893000,11660885116800,11660885124100,11660903092100,11660903289100,11660903450800,166,0,1
11660884921900,11660917076100,11660917289000,11660917295500,11660935021400,11660935267800,11660935435700,167,0,1
11660917106300,11660949283300,11660949518700,11660949527000,11660966885800,11660967097700,11660967251900,168,0,1
11660949312100,11660981515000,11660981691300,11660981696800,11660999241900,11660999430000,11660999588400,169,0,1
11660981796700,11661013138100,11661013314300,11661013320500,11661031591400,11661031928900,11661032092100,170,0,1
11661013368000,11661045190700,11661045541400,11661045549700,11661063459400,11661063655800,11661063800000,171,0,1
11661045223300,11661078559100,11661078732100,11661078736800,11661096788500,11661096972100,11661097125600,172,0,1
11661078780800,11661109706100,11661109978500,11661109984400,11661128007900,11661128197400,11661128340200,173,0,1
11661109737700,11661141706500,11661141902100,11661141907100,11661161477900,11661161661100,11661161818000,174,0,1
11661141736300,11661173719300,11661174051000,11661174058000,11661192427000,11661192614900,11661192775300,175,0,1
11661173753900,11661221265000,11661221473500,11661221478700,11661239721600,11661240001900,11661240230800,176,0,1
11661221295700,11661254055300,11661254429700,11661254435800,11661272227100,11661272406100,11661272557700,177,0,1
11661254108000,11661285640600,11661285935100,11661285946600,11661304644600,11661304828100,11661304979000,178,0,1
11661285675500,11661317386300,11661317600100,11661317609100,11661338730000,11661339068100,11661339302800,179,0,1
11661317638500,11661349767500,11661350004000,11661350009900,11661368777800,11661368978400,11661369138700,180,0,1
11661350099300,11661381361200,11661381564600,11661381570100,11661398826700,11661399002500,11661399144600,181,0,1
11661381391400,11661412827300,11661413032200,11661413037600,11661430329900,11661430524700,11661430674900,182,0,1
11661412855800,11661445238000,11661445432400,11661445441800,11661462730900,11661462921900,11661463071500,183,0,1
11661445511200,11661477237900,11661477442100,11661477448300,11661494616700,11661494794300,11661494939700,184,0,1
11661477267100,11661509318700,11661509536300,11661509542000,11661527080000,11661527279500,11661527424200,185,0,1
11661509348700,11661541249400,11661541446900,11661541453200,11661558699300,11661558873900,11661559055900,186,0,1
11661541296600,11661573927600,11661574143400,11661574150000,11661591405800,11661591584000,11661591731400,187,0,1
11661573958500,11661621173700,11661621349500,11661621355300,11661638860900,11661639054300,11661639219600,188,0,1
11661621396900,11661653063200,11661653283500,11661653289500,11661672145500,11661672422300,11661672587900,189,0,1
11661653093300,11661685185100,11661685364000,11661685369500,11661703788700,11661703980700,11661704125900,190,0,1
11661685390900,11661717149200,11661717366700,11661717373100,11661734993900,11661735171500,11661735320100,191,0,1
11661717179200,11661749016500,11661749271300,11661749281600,11661766444300,11661766618800,11661766764400,192,0,1
11661749045900,11661780936500,11661781145800,11661781155000,11661798416000,11661798595200,11661798743500,193,0,1
11661780965000,11661813753800,11661813919400,11661813925100,11661831431400,11661831610100,11661831758900,194,0,1
11661813943600,11661845787600,11661846039900,11661846047700,11661863310600,11661863488600,11661863635100,195,0,1
11661845818600,11661877249800,11661877445400,11661877451300,11661894899000,11661895081800,11661895231400,196,0,1
11661877277400,11661909216100,11661909424600,11661909430700,11661926425400,11661926603500,11661926758500,197,0,1
11661909246500,11661941850400,11661942045800,11661942054800,11661960672200,11661960860400,11661961007600,198,0,1
11661942081700,11661973185200,11661973378500,11661973390700,11661991627600,11661991919500,11661992075700,199,0,1
11661973418500,11662021522700,11662021701000,11662021706500,11662039114800,11662039440600,11662039613600,200,0,1
11662021762700,11662053642400,11662053825300,11662053831800,11662072455700,11662072630100,11662072791900,201,0,1
11662053853300,11662085149100,11662085368900,11662085375200,11662103448200,11662103659700,11662103838500,202,0,1
11662085179100,11662116941600,11662117147000,11662117152400,11662134473300,11662134652600,11662134797400,203,0,1
11662116970800,11662149906900,11662150091200,11662150096400,11662167006400,11662167206700,11662167367000,204,0,1
11662150138400,11662181009900,11662181207900,11662181214200,11662199215800,11662199445200,11662199652800,205,0,1
11662181268200,11662213489900,11662213684000,11662213689600,11662231304400,11662231492100,11662231648800,206,0,1
11662213518900,11662245120300,11662245292400,11662245299300,11662262397300,11662262581600,11662262750200,207,0,1
11662245345000,11662277981200,11662278149200,11662278155000,11662295423700,11662295708100,11662295873100,208,0,1
11662278173700,11662309511800,11662309853400,11662309869900,11662327430900,11662327614600,11662327764100,209,0,1
11662309549400,11662341122000,11662341362700,11662341369700,11662359040700,11662359228800,11662359407300,210,0,1
11662341153200,11662373803600,11662373984200,11662373989800,11662392325400,11662392567200,11662392775300,211,0,1
11662374011700,11662421266600,11662421470000,11662421478800,11662438507100,11662438687300,11662438836300,212,0,1
11662421509800,11662453409800,11662453570300,11662453575800,11662470787800,11662470966100,11662471112200,213,0,1
11662453617200,11662485238500,11662485413000,11662485418600,11662502777200,11662502948500,11662503094400,214,0,1
11662485439100,11662516931500,11662517137200,11662517143200,11662534796300,11662534989300,11662535133100,215,0,1
11662516960000,11662548880900,11662549080800,11662549086100,11662567095200,11662567278400,11662567433500,216,0,1
11662548909300,11662581466000,11662581663900,11662581670300,11662598891700,11662599065400,11662599208000,217,0,1
11662581494400,11662613540000,11662613746300,11662613752000,11662631128600,11662631319300,11662631468400,218,0,1
11662613568500,11662645523800,11662645733700,11662645739200,11662664048300,11662664251400,11662664399800,219,0,1
11662645552700,11662677725600,11662677960800,11662677966600,11662695629700,11662695812800,11662695957200,220,0,1
11662678017500,11662709341300,11662709553900,11662709562600,11662726848000,11662727029900,11662727183900,221,0,1
11662709588800,11662741160200,11662741405700,11662741414800,11662758486600,11662758664000,11662758811700,222,0,1
11662741189900,11662773358600,11662773588700,11662773596500,11662791263300,11662791459200,11662791618300,223,0,1
11662773388100,11662821780300,11662821991900,11662821997500,11662839183500,11662839366000,11662839516500,224,0,1
11662821808500,11662852886500,11662853067000,11662853073100,11662870049700,11662870230500,11662870377100,225,0,1
11662853120800,11662884976600,11662885164700,11662885170900,11662903480700,11662903674200,11662903833500,226,0,1
11662885004500,11662917107400,11662917349000,11662917354800,11662935473400,11662935692400,11662935850900,227,0,1
11662917191100,11662949106900,11662949330900,11662949337200,11662966402500,11662966631600,11662966791200,228,0,1
11662949136600,11662980938000,11662981150500,11662981155600,11662998664500,11662998852400,11662999008500,229,0,1
11662980969800,11663013830100,11663014048200,11663014055800,11663032698700,11663032894300,11663033047400,230,0,1
11663013860400,11663045170000,11663045583800,11663045593200,11663062723600,11663062905500,11663063055900,231,0,1
11663045677200,11663077042100,11663077319900,11663077324700,11663095143000,11663095329600,11663095503100,232,0,1
11663077372100,11663109184800,11663109398800,11663109410900,11663126534100,11663126706200,11663126850500,233,0,1
11663109486100,11663141196900,11663141412000,11663141419100,11663159002900,11663159185500,11663159334400,234,0,1
11663141227700,11663173323200,11663173640900,11663173648200,11663191899500,11663192077800,11663192235800,235,0,1
11663173379100,11663220997500,11663221216900,11663221227000,11663238508900,11663238683200,11663238833500,236,0,1
11663221259500,11663253138500,11663253438000,11663253450200,11663270936900,11663271113000,11663271254000,237,0,1
11663253174000,11663285384500,11663285573000,11663285578700,11663304097500,11663304348600,11663304527200,238,0,1
11663285418600,11663317143500,11663317373400,11663317384500,11663335124300,11663335339500,11663335488400,239,0,1
11663317174000,11663349086400,11663349325200,11663349333500,11663366795000,11663366971700,11663367117700,240,0,1
11663349117600,11663380896600,11663381128400,11663381139900,11663398596200,11663398765000,11663398909600,241,0,1
11663380926300,11663412892900,11663413221500,11663413233900,11663430160100,11663430389900,11663430572200,242,0,1
11663412930900,11663445063600,11663445323200,11663445333400,11663462637200,11663462857600,11663463068800,243,0,1
11663445094400,11663477601300,11663477907400,11663477917600,11663496028900,11663496361800,11663496677700,244,0,1
11663477663400,11663509175400,11663509397300,11663509405400,11663527042100,11663527224900,11663527372500,245,0,1
11663509206900,11663541454500,11663541696700,11663541708300,11663562308500,11663562496300,11663562645700,246,0,1
11663541484200,11663573442100,11663573691100,11663573701500,11663591215900,11663591439300,11663591588100,247,0,1
11663573783400,11663620963200,11663621172700,11663621179600,11663639249000,11663639432700,11663639583700,248,0,1
11663620991200,11663653351500,11663653528200,11663653533800,11663671979500,11663672183900,11663672332300,249,0,1
11663653687100,11663685864900,11663686048600,11663686056900,11663704703800,11663705089000,11663705405800,250,0,1
11663686094300,11663717095600,11663717320600,11663717327100,11663734941000,11663735126200,11663735273400,251,0,1
11663717123600,11663749337500,11663749539200,11663749549900,11663766760000,11663766937100,11663767124600,252,0,1
11663749578700,11663781282200,11663781659800,11663781669500,11663800233200,11663800406100,11663800549600,253,0,1
11663781715800,11663813664400,11663813861000,11663813867300,11663831203800,11663831410900,11663831542900,254,0,1
11663814001400,11663845208600,11663845412400,11663845418200,11663863928700,11663864112400,11663864284300,255,0,1
11663845240000,11663877533900,11663877736700,11663877742400,11663895570400,11663895838100,11663896031300,256,0,1
11663877562600,11663909567100,11663909744200,11663909750200,11663927325700,11663927528600,11663927670500,257,0,1
11663909866600,11663941601900,11663941781300,11663941787400,11663958839900,11663959016300,11663959161600,258,0,1
11663941836100,11663973279300,11663973496800,11663973505200,11663991048900,11663991240700,11663991394700,259,0,1
11663973308400,11664020978600,11664021173000,11664021178000,11664038467500,11664038706500,11664038864400,260,0,1
11664021218400,11664053313800,11664053488600,11664053493800,11664071122300,11664071307100,11664071453700,261,0,1
11664053537200,11664084822000,11664085033200,11664085038700,11664103942500,11664104158200,11664104320700,262,0,1
11664084850000,11664117398200,11664117622800,11664117633900,11664135329400,11664135753600,11664136024400,263,0,1
11664117666900,11664149454400,11664149743800,11664149753900,11664166702400,11664166880700,11664167024900,264,0,1
11664149853500,11664181286100,11664181520000,11664181526000,11664199598900,11664199781700,11664199931100,265,0,1
11664181314500,11664213358100,11664213591300,11664213598100,11664232065800,11664232252300,11664232463400,266,0,1
11664213388600,11664245995800,11664246296600,11664246313400,11664264612800,11664264824500,11664264970400,267,0,1
11664246024700,11664277133200,11664277336700,11664277345100,11664294349700,11664294541500,11664294704600,268,0,1
11664277370000,11664309485100,11664309663200,11664309669700,11664326767600,11664326940500,11664327084400,269,0,1
11664309714600,11664341174500,11664341435400,11664341442000,11664358968800,11664359166800,11664359316300,270,0,1
11664341210300,11664373493400,11664373740400,11664373746700,11664390959600,11664391136500,11664391278000,271,0,1
11664373522000,11664421136300,11664421383100,11664421388600,11664438214700,11664438392600,11664438535300,272,0,1
11664421167900,11664453014900,11664453187900,11664453194000,11664470485500,11664470675100,11664470832600,273,0,1
11664453212600,11664484946900,11664485119700,11664485125800,11664503584100,11664504001800,11664504238500,274,0,1
11664485145900,11664517144400,11664517384200,11664517394100,11664534165200,11664534395100,11664534562300,275,0,1
11664517423300,11664549165700,11664549377500,11664549384000,11664567052800,11664567233500,11664567378800,276,0,1
11664549195600,11664581914400,11664582116000,11664582122300,11664599161600,11664599347800,11664599502900,277,0,1
11664581942800,11664612925700,11664613175300,11664613181000,11664630745000,11664630921100,11664631099100,278,0,1
11664612971100,11664645191400,11664645368400,11664645374800,11664662258900,11664662437400,11664662583500,279,0,1
11664645420200,11664677612700,11664677797800,11664677804700,11664694845600,11664695025300,11664695170000,280,0,1
11664677846500,11664709983400,11664710162600,11664710169300,11664727739500,11664727921200,11664728073300,281,0,1
11664710191000,11664741071700,11664741294800,11664741301300,11664758342600,11664758523500,11664758671000,282,0,1
11664741102400,11664773364600,11664773580500,11664773585700,11664790748300,11664790935000,11664791088200,283,0,1
11664773392700,11664820925700,11664821092600,11664821097800,11664839177600,11664839385600,11664839557400,284,0,1
11664821117900,11664852902500,11664853111800,11664853119000,11664870569800,11664870745500,11664870898000,285,0,1
11664853146600,11664884891400,11664885177400,11664885191300,11664902685700,11664902883600,11664903044500,286,0,1
11664884923500,11664916853900,11664917062700,11664917069000,11664934393100,11664934597000,11664934772900,287,0,1
11664916884800,11664948904100,11664949115500,11664949121000,11664966020600,11664966197500,11664966342000,288,0,1
11664948934200,11664981419600,11664981640200,11664981646700,11664998715000,11664998890300,11664999039300,289,0,1
11664981452000,11665013275800,11665013455800,11665013461900,11665032600900,11665032793900,11665032942900,290,0,1
11665013510400,11665045160900,11665045352300,11665045358000,11665062683300,11665062859300,11665063004700,291,0,1
11665045405400,11665077088100,11665077315700,11665077324800,11665096267800,11665096448100,11665096589700,292,0,1
11665077118100,11665109807600,11665109980800,11665109987000,11665126855200,11665127040500,11665127187100,293,0,1
11665110007100,11665141115600,11665141292800,11665141298700,11665158867400,11665159078400,11665159238600,294,0,1
11665141345000,11665173047500,11665173306700,11665173313000,11665190631300,11665190949700,11665191171400,295,0,1
11665173095100,11665221194500,11665221412100,11665221417200,11665238557300,11665238737000,11665238878000,296,0,1
11665221228000,11665253217200,11665253591200,11665253600100,11665272537900,11665272717700,11665272864800,297,0,1
11665253630900,11665285356500,11665285541900,11665285549300,11665303398900,11665303599200,11665303756900,298,0,1
11665285571800,11665317054900,11665317263600,11665317268900,11665335407200,11665335587100,11665335738100,299,0,1
11665317086300,11665348864800,11665349068300,11665349073900,11665366447300,11665366651100,11665366813000,300,0,1
11665348893700,11665380926400,11665381110800,11665381117000,11665398334100,11665398503700,11665398769700,301,0,1
11665381137200,11665413187900,11665413415200,11665413421300,11665430754000,11665430937500,11665431086500,302,0,1
11665413441600,11665446198200,11665446371200,11665446376800,11665464279200,11665464472900,11665464622000,303,0,1
11665446422100,11665477093400,11665477270200,11665477276200,11665494338300,11665494518000,11665494668100,304,0,1
11665477296300,11665509062800,11665509246600,11665509254500,11665527607700,11665527801200,11665527967300,305,0,1
11665509307400,11665541275200,11665541480600,11665541485500,11665559689600,11665559902600,11665560058200,306,0,1
11665541303600,11665573487800,11665573674400,11665573679900,11665591629600,11665591807500,11665591955800,307,0,1
11665573705500,11665621029600,11665621245300,11665621252700,11665639441200,11665639617600,11665639760200,308,0,1
11665621306100,11665653297100,11665653520700,11665653527200,11665671671500,11665671879700,11665672030700,309,0,1
11665653545500,11665685237200,11665685452700,11665685458100,11665702914200,11665703097500,11665703246100,310,0,1
11665685477100,11665717036400,11665717238300,11665717244700,11665734328900,11665734512300,11665734661000,311,0,1
11665717065200,11665748981800,11665749193100,11665749198700,11665766841000,11665767109900,11665767316100,312,0,1
11665749011900,11665781193600,11665781461000,11665781467500,11665799106000,11665799283600,11665799430400,313,0,1
11665781272500,11665813912500,11665814103500,11665814109400,11665831234800,11665831425600,11665831585900,314,0,1
11665813942500,11665845281000,11665845455000,11665845461600,11665862283500,11665862461300,11665862603900,315,0,1
11665845506700,11665877386400,11665877593100,11665877599600,11665894973300,11665895201600,11665895370600,316,0,1
11665877416300,11665909153100,11665909428800,11665909435200,11665927788300,11665927978700,11665928164000,317,0,1
11665909197800,11665941412300,11665941630100,11665941641500,11665958685200,11665958859900,11665959007100,318,0,1
11665941676400,11665973135200,11665973348300,11665973353700,11665990617900,11665990810400,11665990965100,319,0,1
11665973171100,11666021664200,11666021850500,11666021856400,11666039992300,11666040176300,11666040327600,320,0,1
11666021901500,11666053865300,11666054092200,11666054101300,11666071907200,11666072080600,11666072240900,321,0,1
11666053897700,11666084987900,11666085198200,11666085204700,11666102819400,11666102997300,11666103157600,322,0,1
11666085018200,11666117135300,11666117322500,11666117328000,11666135435700,11666135648800,11666135855200,323,0,1
11666117164200,11666148954100,11666149145000,11666149150500,11666166601700,11666166801700,11666166951100,324,0,1
11666149199300,11666181486900,11666181699500,11666181705100,11666199239600,11666199432800,11666199600000,325,0,1
11666181515100,11666213577100,11666213802200,11666213827500,11666231155900,11666231328200,11666231472900,326,0,1
11666213608300,11666244891600,11666245100700,11666245106200,11666262451800,11666262652600,11666262800800,327,0,1
11666244921600,11666277490600,11666277728500,11666277733900,11666295798100,11666296053900,11666296242600,328,0,1
11666277524300,11666309791500,11666310027500,11666310034000,11666327503400,11666327680800,11666327829200,329,0,1
11666309834300,11666341140200,11666341358500,11666341367400,11666359894400,11666360086100,11666360229900,330,0,1
11666341167200,11666373214200,11666373498600,11666373507100,11666392287900,11666392532200,11666392736900,331,0,1
11666373244600,11666421280300,11666421447700,11666421453900,11666438676600,11666438859000,11666439003000,332,0,1
11666421497600,11666452897500,11666453101000,11666453106400,11666470602000,11666470787800,11666470946100,333,0,1
11666452925800,11666485254700,11666485493400,11666485499000,11666502887200,11666503177400,11666503388600,334,0,1
11666485288900,11666517460100,11666517677800,11666517683100,11666535322900,11666535497300,11666535640700,335,0,1
11666517490400,11666549395900,11666549600400,11666549608900,11666567210300,11666567446100,11666567613700,336,0,1
11666549674200,11666581003800,11666581214400,11666581219800,11666598336700,11666598510300,11666598654900,337,0,1
11666581033700,11666613021200,11666613225300,11666613230900,11666630931600,11666631112300,11666631262100,338,0,1
11666613050400,11666645426800,11666645658000,11666645666800,11666664641400,11666664827700,11666664979500,339,0,1
11666645457300,11666677440400,11666677702300,11666677712700,11666695056500,11666695236500,11666695402300,340,0,1
11666677479500,11666709394700,11666709604100,11666709610100,11666727029500,11666727231700,11666727382600,341,0,1
11666709424000,11666741612100,11666741818000,11666741827900,11666759719700,11666759991400,11666760238900,342,0,1
11666741856800,11666773123700,11666773342800,11666773349200,11666790518100,11666790773700,11666790920400,343,0,1
11666773152500,11666820862900,11666821064700,11666821070100,11666838769600,11666838953500,11666839121200,344,0,1
11666821117000,11666852941300,11666853163900,11666853171700,11666870387000,11666870562300,11666870778300,345,0,1
11666852971100,11666885236300,11666885501800,11666885509200,11666903093300,11666903270600,11666903417800,346,0,1
11666885569800,11666917129700,11666917306200,11666917312200,11666934909900,11666935090100,11666935238900,347,0,1
11666917355700,11666949663600,11666949897500,11666949904400,11666966933500,11666967109900,11666967253400,348,0,1
11666949692500,11666980966500,11666981153400,11666981161600,11666998538200,11666998751100,11666998896300,349,0,1
11666981212800,11667013661900,11667013879000,11667013890200,11667031920900,11667032103500,11667032265000,350,0,1
11667013692400,11667045070500,11667045276000,11667045283900,11667062445700,11667062622300,11667062767300,351,0,1
11667045316700,11667077927600,11667078113600,11667078122000,11667095464400,11667095655300,11667095843600,352,0,1
11667078153100,11667109275900,11667109451300,11667109456800,11667126984200,11667127170300,11667127328200,353,0,1
11667109476200,11667141106500,11667141303300,11667141308500,11667158849400,11667159030900,11667159175200,354,0,1
11667141134900,11667173648000,11667173835900,11667173840700,11667191173000,11667191390200,11667191561300,355,0,1
11667173884300,11667221518300,11667221698700,11667221705200,11667239839800,11667240156800,11667240358100,356,0,1
11667221726900,11667253201300,11667253429400,11667253437500,11667270964000,11667271139700,11667271284200,357,0,1
11667253242600,11667284919100,11667285094900,11667285100700,11667303377500,11667303577800,11667303772000,358,0,1
11667284949600,11667317001000,11667317233000,11667317238100,11667336517000,11667336775700,11667336974600,359,0,1
11667317030300,11667349249000,11667349469700,11667349476600,11667366831600,11667367013500,11667367164100,360,0,1
11667349278100,11667381161100,11667381379500,11667381390000,11667399027600,11667399300200,11667399450300,361,0,1
11667381423200,11667413245100,11667413479500,11667413486600,11667432113100,11667432289100,11667432434500,362,0,1
11667413272800,11667445555500,11667445791500,11667445798100,11667463195100,11667463410000,11667463555100,363,0,1
11667445853800,11667477200700,11667477460900,11667477469700,11667494594600,11667494770500,11667494913000,364,0,1
11667477230900,11667509387200,11667509686600,11667509702200,11667527228400,11667527410500,11667527557400,365,0,1
11667509418300,11667541258100,11667541432800,11667541438700,11667558468700,11667558760300,11667558956100,366,0,1
11667541486200,11667573441400,11667573651900,11667573657700,11667591529000,11667591762000,11667591911800,367,0,1
11667573701400,11667621267300,11667621473600,11667621484200,11667639057500,11667639234800,11667639381000,368,0,1
11667621557300,11667652982800,11667653263300,11667653271600,11667671137800,11667671320000,11667671473500,369,0,1
11667653014800,11667684928600,11667685130000,11667685138500,11667702541500,11667702725000,11667702871600,370,0,1
11667685204000,11667717064000,11667717278300,11667717286700,11667735623100,11667735801100,11667735951800,371,0,1
11667717093900,11667749121400,11667749327600,11667749337700,11667766987400,11667767204100,11667767359400,372,0,1
11667749364800,11667781213500,11667781413900,11667781421600,11667799308200,11667799513800,11667799681500,373,0,1
11667781483200,11667813617100,11667813777800,11667813784400,11667831088800,11667831274700,11667831430600,374,0,1
11667813802900,11667846344600,11667846578500,11667846584800,11667865196400,11667865382200,11667865533400,375,0,1
11667846374000,11667877170200,11667877383600,11667877389200,11667894592600,11667894781800,11667894936000,376,0,1
11667877197600,11667909303100,11667909654900,11667909661000,11667927181600,11667927396000,11667927568500,377,0,1
11667909484500,11667941640100,11667941874500,11667941880400,11667959220700,11667959402800,11667959550200,378,0,1
11667941671500,11667973013200,11667973222300,11667973227800,11667990462100,11667990665400,11667990826000,379,0,1
11667973043400,11668021284300,11668021525500,11668021531100,11668039686400,11668039883700,11668040032800,380,0,1
11668021314700,11668053088900,11668053291200,11668053300600,11668071671800,11668072154300,11668072449500,381,0,1
11668053326100,11668084851900,11668085051400,11668085056300,11668102732200,11668102978800,11668103141700,382,0,1
11668084881000,11668116990300,11668117174100,11668117184000,11668134690800,11668135099500,11668135339600,383,0,1
11668117242500,11668149613600,11668149811700,11668149817100,11668167110100,11668167287300,11668167432600,384,0,1
11668149643100,11668180973100,11668181190900,11668181196900,11668198471700,11668198672400,11668198824400,385,0,1
11668181003600,11668213903400,11668214082100,11668214087500,11668231461400,11668231648900,11668231851300,386,0,1
11668214132900,11668245325200,11668245542700,11668245551100,11668262686900,11668262869600,11668263014500,387,0,1
11668245354100,11668277823600,11668278035300,11668278041600,11668295193300,11668295392400,11668295543800,388,0,1
11668277854100,11668310054300,11668310259100,11668310265000,11668327561800,11668327739600,11668327889900,389,0,1
11668310305000,11668341060200,11668341245200,11668341250000,11668358712700,11668358921500,11668359072800,390,0,1
11668341090400,11668373109900,11668373291400,11668373296800,11668390202600,11668390391300,11668390547700,391,0,1
11668373316900,11668420867700,11668421044700,11668421050000,11668438668000,11668438859200,11668439043900,392,0,1
11668421070500,11668452842600,11668453048400,11668453054300,11668471228500,11668471407700,11668471550400,393,0,1
11668452871900,11668485021800,11668485237200,11668485244000,11668503216900,11668503448000,11668503600600,394,0,1
11668485053000,11668517030300,11668517208400,11668517214400,11668534754900,11668534954200,11668535143600,395,0,1
11668517257900,11668548852000,11668549022800,11668549028000,11668566919800,11668567110900,11668567253600,396,0,1
11668549073500,11668581540600,11668581747900,11668581754400,11668598954200,11668599131500,11668599275100,397,0,1
11668581572400,11668613368900,11668613625100,11668613632500,11668631582100,11668631759200,11668631920800,398,0,1
11668613398100,11668645681100,11668645885800,11668645891500,11668662981900,11668663188000,11668663393400,399,0,1
11668645711700,11668677726500,11668677941600,11668677948100,11668695365200,11668695548100,11668695693100,400,0,1
11668677757600,11668709641400,11668709848700,11668709854200,11668734369700,11668734633400,11668734847600,401,0,1
11668709671900,11668742418900,11668742735700,11668742744000,11668764388400,11668764602800,11668764799700,402,0,1
11668742477300,11668774563800,11668774763700,11668774773000,11668792524800,11668792700000,11668792849000,403,0,1
11668774869400,11668821226300,11668821439700,11668821445400,11668838772900,11668838983600,11668839132100,404,0,1
11668821254700,11668853109100,11668853328200,11668853333700,11668872536200,11668872719700,11668872869000,405,0,1
11668853143800,11668885472300,11668885649400,11668885655500,11668902767200,11668902955800,11668903107000,406,0,1
11668885702400,11668917050900,11668917259100,11668917264800,11668934455100,11668934635000,11668934805800,407,0,1
11668917080800,11668949127900,11668949330500,11668949336300,11668966782500,11668966954900,11668967119300,408,0,1
11668949159600,11668980969800,11668981195100,11668981201700,11668998202000,11668998387600,11668998542200,409,0,1
11668980998900,11669013128000,11669013327200,11669013335000,11669031065000,11669031264800,11669031413100,410,0,1
11669013363100,11669045899900,11669046128000,11669046134900,11669065780300,11669065966400,11669066118100,411,0,1
11669045932500,11669077230200,11669077465600,11669077474200,11669094842400,11669095045800,11669095191200,412,0,1
11669077260600,11669109116100,11669109365000,11669109373800,11669126618400,11669126829300,11669126974300,413,0,1
11669109144600,11669142102800,11669142323700,11669142329100,11669159678700,11669159868500,11669160019300,414,0,1
11669142135200,11669173237300,11669173467400,11669173477200,11669191093200,11669191313400,11669191494100,415,0,1
11669173267400,11669221025100,11669221227800,11669221239300,11669238902500,11669239153100,11669239315500,416,0,1
11669221271400,11669253543000,11669253713300,11669253718200,11669271051700,11669271229600,11669271372600,417,0,1
11669253739100,11669285146100,11669285394800,11669285402100,11669303057200,11669303269800,11669303415000,418,0,1
11669285422000,11669317115900,11669317322800,11669317329400,11669334464500,11669334641800,11669334788600,419,0,1
11669317145100,11669349325700,11669349542900,11669349552400,11669367725200,11669367916900,11669368085100,420,0,1
11669349589400,11669381652900,11669381859100,11669381866000,11669402756400,11669402941200,11669403094700,421,0,1
11669381684200,11669413769200,11669413952900,11669413959500,11669431388200,11669431568100,11669431713000,422,0,1
11669413979500,11669445348500,11669445549900,11669445555700,11669463302100,11669463482400,11669463653300,423,0,1
11669445375800,11669477113200,11669477322800,11669477332400,11669494200500,11669494409500,11669494567200,424,0,1
11669477396800,11669509757900,11669510020200,11669510033600,11669527691100,11669527871500,11669528018900,425,0,1
11669510105100,11669541129300,11669541341300,11669541350900,11669559747200,11669559923000,11669560090800,426,0,1
11669541412300,11669573743600,11669573981000,11669573989400,11669590897500,11669591069000,11669591219500,427,0,1
11669574028200,11669621469200,11669621674700,11669621687900,11669640017400,11669640220500,11669640375000,428,0,1
11669621718100,11669653779800,11669654036800,11669654044300,11669671619600,11669671842700,11669672094700,429,0,1
11669654062900,11669685071800,11669685268700,11669685277900,11669703122700,11669703290300,11669703432400,430,0,1
11669685306000,11669716931600,11669717112000,11669717119800,11669734734900,11669734938600,11669735092800,431,0,1
11669717141900,11669749015200,11669749206300,11669749220800,11669768389000,11669768575800,11669768725100,432,0,1
11669749251800,11669781411000,11669781600500,11669781607600,11669798588500,11669798811000,11669798966400,433,0,1
11669781632200,11669813404100,11669813669100,11669813674300,11669832284700,11669832498300,11669832645500,434,0,1
11669813466400,11669845209200,11669845493500,11669845499000,11669862631000,11669862800600,11669862947900,435,0,1
11669845287300,11669877330300,11669877587700,11669877598200,11669895084900,11669895297200,11669895475600,436,0,1
11669877648500,11669909264100,11669909524100,11669909531100,11669926847500,11669927033500,11669927193100,437,0,1
11669909555900,11669941540000,11669941748100,11669941758900,11669960783400,11669961051000,11669961266500,438,0,1
11669941790900,11669989501200,11669989711900,11669989724300,11670006909000,11670007088600,11670007236400,439,0,1
11669989795800,11670021615000,11670021857000,11670021864200,11670039264600,11670039475400,11670039659200,440,0,1
11670021659200,11670052845300,11670053051300,11670053060400,11670072553900,11670072754300,11670072909300,441,0,1
11670053127200,11670084853500,11670085079200,11670085085500,11670102841300,11670103033200,11670103184100,442,0,1
11670084882000,11670117487800,11670117701900,11670117711300,11670135802000,11670135987300,11670136137600,443,0,1
11670117747200,11670149314600,11670149518800,11670149524700,11670167471000,11670167702100,11670167871300,444,0,1
11670149344900,11670181014700,11670181219900,11670181225600,11670199915000,11670200139300,11670200350700,445,0,1
11670181042900,11670213251400,11670213468900,11670213475000,11670230122500,11670230301500,11670230451300,446,0,1
11670213282900,11670245302400,11670245542100,11670245549900,11670263327400,11670263512400,11670263665100,447,0,1
11670245575500,11670277232500,11670277442600,11670277449600,11670296017200,11670296199400,11670296376100,448,0,1
11670277493900,11670309320500,11670309551300,11670309562700,11670326806100,11670326985200,11670327127700,449,0,1
11670309350500,11670341373100,11670341592700,11670341600400,11670359097100,11670359282900,11670359433800,450,0,1
11670341401900,11670389046800,11670389255100,11670389260500,11670406909500,11670407098800,11670407244900,451,0,1
11670389076900,11670421076900,11670421293000,11670421299700,11670442277200,11670442458500,11670442603200,452,0,1
11670421108700,11670453721000,11670453934600,11670453941300,11670471447200,11670471706300,11670471867600,453,0,1
11670453966200,11670484938400,11670485159300,11670485168000,11670503327800,11670503534300,11670503734600,454,0,1
11670485238500,11670517359600,11670517619700,11670517628800,11670534903800,11670535077800,11670535218700,455,0,1
11670517692600,11670549175900,11670549412200,11670549420700,11670567631500,11670567815200,11670567970600,456,0,1
11670549205200,11670580881000,11670581112600,11670581120600,11670598318300,11670598493800,11670598638300,457,0,1
11670580911200,11670613068500,11670613353100,11670613366600,11670631355500,11670631529700,11670631676200,458,0,1
11670613099200,11670645712300,11670645941300,11670645948800,11670664206000,11670664490000,11670664644200,459,0,1
11670645740100,11670677680300,11670677867900,11670677874100,11670695186100,11670695370800,11670695521500,460,0,1
11670677921100,11670709082900,11670709294700,11670709300600,11670727068000,11670727263000,11670727421200,461,0,1
11670709112300,11670741160000,11670741344000,11670741349800,11670758570400,11670758749600,11670758892800,462,0,1
11670741369300,11670788873300,11670789050400,11670789056500,11670806487600,11670806708800,11670806863100,463,0,1
11670789075200,11670821388600,11670821662400,11670821669400,11670840733700,11670840917800,11670841064100,464,0,1
11670821419600,11670853348900,11670853624300,11670853639500,11670872149300,11670872338300,11670872489300,465,0,1
11670853377300,11670886074500,11670886290500,11670886301300,11670904343500,11670904552300,11670904695700,466,0,1
11670886372600,11670916890700,11670917098500,11670917104100,11670936143700,11670936330600,11670936477400,467,0,1
11670916920500,11670949031900,11670949246700,11670949253100,11670966325800,11670966505900,11670966659300,468,0,1
11670949060500,11670980900300,11670981103500,11670981109100,11670998627400,11670998809100,11670998978200,469,0,1
11670980929200,11671013843600,11671014032100,11671014038300,11671031560400,11671031762900,11671031913800,470,0,1
11671014091300,11671045616200,11671045789900,11671045796200,11671062894500,11671063070700,11671063235400,471,0,1
11671045839400,11671077439100,11671077650100,11671077655500,11671094911200,11671095093300,11671095241100,472,0,1
11671077468900,11671109549600,11671109774800,11671109781200,11671127363800,11671127625100,11671127815800,473,0,1
11671109583700,11671141140400,11671141381800,11671141388100,11671159076900,11671159263100,11671159414000,474,0,1
11671141409500,11671188971600,11671189134600,11671189140000,11671207197300,11671207448500,11671207624300,475,0,1
11671189180700,11671221124200,11671221372700,11671221381100,11671239389900,11671239605200,11671239762500,476,0,1
11671221159800,11671253574500,11671253769500,11671253774800,11671271637500,11671271812000,11671271957800,477,0,1
11671253825000,11671284975300,11671285184700,11671285189700,11671303427500,11671303625700,11671303776900,478,0,1
11671285004000,11671317381700,11671317606100,11671317611400,11671335105200,11671335288100,11671335485200,479,0,1
11671317413800,11671348927700,11671349097300,11671349102700,11671366269000,11671366458100,11671366608800,480,0,1
11671349209100,11671381080800,11671381358600,11671381365200,11671398572900,11671398833600,11671398995400,481,0,1
11671381159300,11671413551200,11671413764200,11671413770100,11671432537900,11671432781400,11671432994700,482,0,1
11671413582100,11671445133800,11671445344600,11671445350200,11671463154100,11671463356700,11671463522900,483,0,1
11671445163200,11671477615600,11671477788800,11671477795000,11671495065000,11671495308800,11671495517100,484,0,1
11671477815200,11671509491600,11671509695000,11671509702600,11671526494600,11671526678000,11671526823400,485,0,1
11671509754200,11671541923800,11671542129700,11671542135800,11671559468200,11671559649800,11671559800000,486,0,1
11671541953600,11671588908400,11671589120000,11671589125500,11671606414800,11671606737700,11671606936000,487,0,1
11671588938100,11671621421400,11671621649200,11671621664600,11671639311400,11671639491900,11671639637200,488,0,1
11671621453300,11671653142000,11671653320900,11671653326600,11671672270000,11671672461300,11671672615300,489,0,1
11671653369700,11671684988700,11671685203300,11671685209300,11671703355300,11671703707100,11671704018300,490,0,1
11671685019100,11671716948500,11671717147400,11671717155000,11671734925700,11671735117400,11671735271400,491,0,1
11671716976700,11671749005600,11671749210300,11671749215700,11671767050400,11671767242100,11671767392500,492,0,1
11671749035700,11671781187700,11671781384100,11671781389700,11671799991400,11671800161500,11671800302800,493,0,1
11671781217100,11671813112100,11671813341100,11671813346800,11671830766500,11671830961800,11671831107400,494,0,1
11671813153900,11671845361400,11671845585500,11671845594900,11671863269500,11671863528000,11671863737400,495,0,1
11671845391300,11671877683400,11671877864300,11671877869700,11671895051500,11671895228900,11671895376000,496,0,1
11671877913000,11671909337900,11671909544100,11671909549500,11671926858700,11671927050300,11671927201200,497,0,1
11671909365300,11671941590700,11671941763900,11671941770600,11671958818400,11671958999000,11671959144200,498,0,1
11671941819600,11671989499000,11671989672000,11671989678100,11672006436300,11672006617000,11672006763100,499,0,1
11671989725900,11672021238200,11672021447300,11672021453000,11672038932600,11672039128600,11672039276300,500,0,1
11672021266000,11672053166100,11672053385200,11672053391500,11672071217700,11672071424200,11672071614700,501,0,1
11672053198400,11672084887000,11672085088200,11672085093600,11672103443900,11672103634200,11672103811700,502,0,1
11672084915100,11672117547000,11672117728000,11672117734100,11672136147200,11672136335100,11672136501700,503,0,1
11672117781300,11672149264900,11672149493000,11672149498700,11672166907600,11672167092100,11672167238000,504,0,1
11672149294800,11672181494900,11672181663100,11672181668800,11672198916000,11672199115800,11672199262800,505,0,1
11672181724000,11672213023600,11672213251000,11672213263500,11672230816500,11672231076500,11672231361700,506,0,1
11672213352700,11672245128300,11672245350500,11672245356600,11672262670900,11672262864300,11672263004200,507,0,1
11672245379400,11672277472700,11672277652100,11672277658300,11672295957800,11672296137500,11672296356400,508,0,1
11672277700700,11672309807900,11672310027300,11672310038400,11672327040400,11672327209800,11672327360200,509,0,1
11672310147100,11672341246400,11672341467400,11672341473900,11672358996900,11672359177500,11672359324000,510,0,1
11672341274800,11672389319400,11672389526400,11672389532000,11672407484700,11672407726500,11672407875300,511,0,1
11672389351000,11672421251800,11672421471900,11672421479900,11672438928900,11672439108000,11672439270800,512,0,1
11672421284100,11672452838700,11672453041000,11672453046400,11672471127400,11672471309100,11672471451600,513,0,1
11672452867000,11672485586500,11672485854400,11672485861700,11672503128200,11672503310500,11672503456200,514,0,1
11672485624200,11672517265900,11672517486800,11672517492400,11672535297300,11672535479900,11672535620400,515,0,1
11672517296000,11672549179900,11672549349400,11672549355000,11672566621300,11672566805800,11672566955800,516,0,1
11672549396200,11672580943800,11672581145600,11672581154300,11672600801600,11672600979100,11672601175600,517,0,1
11672581217200,11672613367800,11672613627100,11672613638300,11672630506700,11672630689300,11672630835600,518,0,1
11672613672900,11672645914600,11672646111500,11672646121300,11672663684500,11672663861100,11672664025700,519,0,1
11672646151700,11672677352200,11672677635900,11672677644900,11672694640800,11672694816700,11672694988700,520,0,1
11672677383700,11672709091700,11672709319200,11672709326700,11672726722600,11672727001600,11672727155700,521,0,1
11672709119100,11672741237600,11672741466900,11672741472400,11672759395800,11672759603300,11672759759100,522,0,1
11672741265600,11672789110200,11672789288700,11672789294500,11672805991900,11672806175000,11672806320500,523,0,1
11672789314800,11672821387200,11672821590500,11672821597200,11672838937900,11672839120900,11672839264400,524,0,1
11672821665900,11672853319000,11672853552000,11672853559200,11672871730600,11672871916500,11672872095100,525,0,1
11672853582900,11672886192500,11672886409200,11672886415800,11672904645300,11672904915000,11672905144800,526,0,1
11672886463200,11672917226000,11672917434700,11672917440600,11672934855900,11672935103000,11672935251500,527,0,1
11672917253500,11672948956400,11672949170900,11672949176700,11672966219000,11672966405800,11672966560800,528,0,1
11672948985900,11672981065800,11672981308100,11672981321800,11672998510000,11672998693800,11672998846600,529,0,1
11672981367800,11673013819800,11673014017300,11673014024600,11673031616500,11673031798800,11673031947700,530,0,1
11673014049900,11673045316000,11673045523600,11673045532000,11673062541600,11673062723800,11673062868400,531,0,1
11673045565100,11673077841800,11673078079100,11673078089500,11673095763900,11673095942300,11673096084800,532,0,1
11673077870100,11673109154400,11673109355300,11673109362200,11673126465300,11673126644100,11673126836900,533,0,1
11673109426200,11673141536600,11673141758600,11673141767000,11673159168200,11673159348600,11673159493600,534,0,1
11673141799500,11673189024800,11673189200100,11673189206400,11673206977700,11673207163100,11673207312400,535,0,1
11673189263900,11673221107400,11673221337400,11673221344000,11673238890600,11673239078600,11673239233600,536,0,1
11673221410600,11673253241700,11673253475900,11673253481500,11673271405800,11673271583500,11673271730000,537,0,1
11673253273500,11673285167600,11673285381100,11673285386600,11673303208900,11673303392000,11673303598400,538,0,1
11673285198200,11673317453600,11673317715900,11673317725900,11673334879700,11673335092200,11673335326000,539,0,1
11673317482800,11673349301200,11673349529200,11673349535900,11673367235900,11673367417300,11673367563900,540,0,1
11673349559500,11673381190300,11673381408200,11673381413900,11673399458400,11673399647200,11673399803600,541,0,1
11673381219500,11673412997200,11673413222400,11673413230400,11673430109300,11673430295500,11673430446000,542,0,1
11673413031200,11673445120100,11673445344800,11673445353900,11673463028300,11673463213500,11673463363300,543,0,1
11673445148000,11673477508700,11673477702700,11673477712200,11673496031900,11673496338500,11673496515800,544,0,1
11673477736200,11673509806400,11673509992700,11673509998900,11673527744200,11673527919200,11673528070000,545,0,1
11673510047200,11673541142000,11673541346000,11673541351700,11673558556700,11673558781500,11673558949400,546,0,1
11673541169900,11673589020100,11673589243900,11673589249100,11673608104700,11673608289600,11673608441600,547,0,1
11673589048300,11673621311600,11673621559300,11673621566600,11673639180100,11673639403500,11673639566100,548,0,1
11673621340600,11673653056900,11673653274100,11673653280000,11673670811100,11673671001700,11673671150500,549,0,1
11673653090500,11673684980400,11673685163200,11673685169300,11673702767000,11673702950000,11673703136400,550,0,1
11673685213000,11673717824900,11673718041000,11673718048000,11673735312900,11673735487500,11673735653400,551,0,1
11673718079300,11673749038400,11673749244600,11673749252500,11673767473300,11673767781000,11673767998500,552,0,1
11673749279800,11673781102800,11673781317300,11673781322900,11673801293400,11673801482100,11673801648700,553,0,1
11673781131600,11673813031900,11673813247000,11673813256100,11673831354800,11673831540000,11673831732600,554,0,1
11673813298300,11673845124000,11673845332200,11673845340100,11673862868300,11673863209600,11673863422700,555,0,1
11673845408300,11673877878800,11673878107900,11673878119400,11673895365500,11673895598700,11673895841700,556,0,1
11673878207800,11673909373000,11673909550300,11673909555400,11673926916800,11673927099800,11673927248400,557,0,1
11673909575900,11673941187100,11673941416600,11673941422300,11673960118600,11673960436500,11673960689000,558,0,1
11673941220700,11673989107500,11673989345000,11673989352400,11674006717600,11674006892000,11674007040400,559,0,1
11673989144000,11674021468200,11674021700600,11674021709900,11674039065900,11674039247800,11674039400000,560,0,1
11674021502500,11674052887800,11674053119500,11674053128200,11674070774000,11674070950400,11674071164700,561,0,1
11674052918800,11674085189700,11674085520600,11674085543600,11674103469100,11674103665100,11674103822400,562,0,1
11674085634400,11674116976600,11674117201400,11674117211000,11674135544900,11674135726600,11674135900200,563,0,1
11674117003300,11674149492100,11674149724700,11674149732700,11674166896500,11674167082600,11674167234100,564,0,1
11674149522000,11674180901400,11674181127100,11674181135100,11674198793000,11674199034600,11674199183500,565,0,1
11674180930800,11674213184600,11674213390400,11674213402500,11674230420400,11674230612600,11674230791200,566,0,1
11674213469000,11674245562900,11674245741200,11674245747000,11674262857800,11674263033800,11674263217300,567,0,1
11674245791800,11674277545600,11674277766000,11674277774500,11674295133000,11674295330300,11674295480500,568,0,1
11674277575400,11674309327800,11674309542700,11674309549000,11674326525700,11674326705500,11674326947100,569,0,1
11674309358600,11674341081600,11674341286600,11674341292300,11674358864300,11674359048900,11674359198500,570,0,1
11674341110400,11674389600200,11674389812200,11674389820500,11674407221600,11674407405500,11674407553000,571,0,1
11674389630400,11674421375100,11674421664500,11674421672100,11674440082500,11674440274200,11674440427100,572,0,1
11674421691100,11674452927200,11674453289900,11674453307600,11674471469400,11674471647600,11674471791700,573,0,1
11674452981400,11674485193400,11674485437900,11674485444900,11674503203400,11674503382100,11674503527300,574,0,1
11674485221800,11674517269200,11674517523500,11674517532000,11674534870100,11674535048500,11674535196500,575,0,1
11674517299300,11674549007200,11674549241600,11674549252000,11674567317500,11674567513600,11674567665200,576,0,1
11674549038000,11674580920600,11674581156900,11674581164400,11674598835200,11674599126100,11674599376700,577,0,1
11674580954400,11674614002800,11674614205100,11674614210900,11674631026300,11674631198900,11674631341900,578,0,1
11674614031600,11674645497500,11674645672200,11674645677600,11674663229100,11674663415400,11674663580700,579,0,1
11674645696500,11674677173900,11674677360200,11674677366100,11674694451600,11674694636200,11674694781700,580,0,1
11674677386400,11674709287500,11674709486800,11674709491900,11674726884300,11674727077600,11674727226700,581,0,1
11674709317300,11674741135800,11674741322000,11674741328300,11674758720800,11674758994400,11674759206200,582,0,1
11674741349100,11674788859500,11674789093600,11674789100000,11674807627300,11674807832400,11674808001200,583,0,1
11674788894600,11674822635100,11674822804500,11674822810800,11674840288100,11674840468400,11674840613900,584,0,1
11674822853300,11674852919900,11674853154300,11674853160700,11674871697500,11674871916700,11674872075500,585,0,1
11674852952100,11674885084100,11674885293100,11674885299100,11674902848800,11674903042600,11674903197800,586,0,1
11674885113800,11674916964000,11674917169500,11674917175400,11674935227200,11674935407200,11674935589200,587,0,1
11674916993000,11674948994600,11674949178500,11674949184000,11674966450900,11674966666100,11674966881200,588,0,1
11674949204200,11674980966100,11674981238400,11674981246800,11674998053800,11674998240000,11674998393900,589,0,1
11674981341000,11675013510700,11675013712900,11675013718800,11675033104000,11675033299600,11675033470700,590,0,1
11675013760700,11675045933000,11675046124900,11675046130400,11675065695800,11675065913500,11675066064300,591,0,1
11675046178700,11675077114800,11675077349500,11675077355300,11675094956500,11675095134300,11675095283700,592,0,1
11675077144100,11675109322500,11675109530100,11675109535900,11675127635600,11675127843000,11675127992500,593,0,1
11675109353000,11675141764600,11675141941200,11675141948100,11675159366200,11675159554700,11675159697800,594,0,1
11675141990500,11675188974400,11675189185500,11675189193800,11675207011600,11675207234600,11675207411500,595,0,1
11675189259600,11675221177100,11675221398000,11675221404500,11675238894100,11675239092100,11675239243700,596,0,1
11675221445100,11675253126400,11675253343000,11675253355600,11675271336400,11675271574500,11675271732500,597,0,1
11675253383400,11675284988400,11675285192500,11675285198200,11675303459300,11675303639300,11675303790400,598,0,1
11675285017800,11675317035100,11675317230600,11675317236500,11675334223700,11675334398100,11675334540600,599,0,1
11675317256100,11675349061000,11675349289900,11675349296400,11675366510900,11675366693100,11675366838800,600,0,1
11675349317400,11675381419600,11675381623500,11675381629600,11675399570300,11675399748600,11675399891600,601,0,1
11675381447000,11675413240300,11675413401600,11675413407300,11675430612700,11675430791600,11675430938000,602,0,1
11675413426600,11675444918200,11675445093600,11675445099900,11675462637200,11675462835600,11675462984300,603,0,1
11675445143600,11675477789300,11675478004700,11675478010200,11675496561900,11675496776800,11675496938600,604,0,1
11675477819700,11675509946000,11675510161100,11675510174500,11675528094000,11675528276800,11675528436900,605,0,1
11675510249800,11675541057100,11675541459300,11675541474200,11675559375800,11675559556300,11675559708000,606,0,1
11675541086900,11675590753600,11675591054500,11675591066000,11675609302700,11675609538000,11675609695100,607,0,1
11675590792100,11675621419400,11675621745200,11675621753900,11675640978400,11675641172800,11675641382200,608,0,1
11675621778100,11675653264900,11675653448800,11675653454500,11675671258400,11675671459500,11675671613000,609,0,1
11675653474800,11675685891900,11675686066200,11675686072700,11675704647200,11675704850400,11675705005600,610,0,1
11675686119400,11675717358500,11675717574000,11675717580300,11675735189700,11675735368600,11675735517500,611,0,1
11675717657800,11675749113200,11675749303700,11675749310600,11675767439600,11675767648900,11675767798400,612,0,1
11675749353600,11675781091400,11675781315600,11675781321100,11675798709800,11675798892200,11675799039400,613,0,1
11675781121100,11675813327200,11675813503900,11675813511100,11675831708800,11675831905100,11675832062000,614,0,1
11675813536300,11675845095900,11675845323400,11675845336300,11675862566000,11675862831300,11675862994600,615,0,1
11675845418900,11675878043500,11675878285300,11675878294500,11675895475000,11675895657900,11675895804900,616,0,1
11675878075500,11675909828700,11675910061300,11675910068700,11675927696700,11675927889100,11675928036300,617,0,1
11675909858300,11675941463800,11675941679400,11675941691500,11675958958000,11675959135600,11675959281200,618,0,1
11675941727100,11675989090500,11675989311400,11675989322200,11676006971900,11676007148300,11676007290600,619,0,1
11675989364500,11676021078100,11676021274900,11676021280700,11676039140200,11676039351000,11676039535900,620,0,1
11676021106600,11676052925200,11676053112100,11676053118100,11676071443900,11676071638600,11676071795300,621,0,1
11676053161500,11676085401100,11676085603700,11676085610700,11676103285900,11676103470700,11676103618100,622,0,1
11676085671700,11676117488200,11676117723400,11676117729100,11676136979300,11676137184100,11676137338500,623,0,1
11676117529700,11676149705300,11676149917300,11676149924200,11676168225300,11676168552300,11676168698800,624,0,1
11676149734400,11676181027900,11676181198500,11676181203000,11676198612900,11676198825100,11676198971200,625,0,1
11676181220700,11676213353600,11676213527400,11676213533000,11676231845700,11676232040800,11676232230100,626,0,1
11676213552000,11676245991100,11676246195300,11676246204100,11676263488400,11676263702000,11676263853500,627,0,1
11676246229800,11676277414300,11676277619200,11676277624800,11676294798900,11676294973600,11676295140300,628,0,1
11676277444100,11676309435100,11676309677100,11676309684600,11676327159700,11676327366000,11676327510800,629,0,1
11676309465300,11676342174800,11676342410500,11676342416000,11676360822800,11676360998900,11676361146800,630,0,1
11676342211500,11676388880100,11676389084700,11676389090200,11676407176600,11676407366700,11676407544000,631,0,1
11676388910300,11676421432600,11676421678100,11676421684900,11676439411300,11676439690500,11676439860200,632,0,1
11676421465500,11676453451300,11676453735900,11676453745100,11676471137000,11676471356900,11676471500100,633,0,1
11676453483000,11676485288000,11676485491700,11676485498700,11676503138400,11676503318500,11676503464000,634,0,1
11676485522000,11676517157600,11676517389600,11676517395700,11676534954400,11676535135400,11676535283500,635,0,1
11676517192700,11676549394200,11676549617400,11676549623200,11676567400600,11676567595900,11676567747300,636,0,1
11676549422500,11676580937000,11676581153300,11676581164700,11676600194200,11676600368400,11676600511900,637,0,1
11676581193900,11676613623300,11676613823300,11676613832000,11676631357000,11676631533400,11676631677200,638,0,1
11676613895900,11676645205200,11676645435500,11676645443100,11676663290600,11676663501300,11676663654900,639,0,1
11676645232300,11676677593900,11676677833600,11676677856700,11676694938000,11676695157800,11676695374700,640,0,1
11676677624500,11676709170700,11676709370800,11676709376500,11676728064000,11676728240800,11676728395000,641,0,1
11676709199200,11676741188800,11676741433600,11676741444100,11676760592200,11676760777000,11676761024500,642,0,1
11676741475800,11676789259000,11676789676300,11676789682300,11676806740000,11676806975800,11676807182000,643,0,1
11676789487300,11676821309400,11676821492600,11676821498300,11676839656700,11676839844800,11676839998100,644,0,1
11676821518100,11676853288300,11676853506000,11676853513000,11676871009200,11676871202200,11676871386800,645,0,1
11676853533300,11676885005100,11676885173000,11676885179200,11676902481300,11676902665800,11676902811000,646,0,1
11676885198800,11676917069400,11676917279100,11676917284600,11676935226600,11676935413300,11676935567300,647,0,1
11676917099000,11676949166000,11676949370800,11676949383100,11676968161800,11676968352400,11676968503900,648,0,1
11676949484500,11676981551900,11676981776700,11676981787500,11676999149200,11676999324800,11676999471300,649,0,1
11676981580400,11677013754300,11677013994800,11677014002800,11677031721300,11677031901300,11677032053400,650,0,1
11677013784900,11677045170300,11677045375500,11677045383800,11677062401200,11677062582100,11677062728300,651,0,1
11677045414500,11677077045600,11677077272500,11677077278600,11677094624600,11677094806200,11677094953600,652,0,1
11677077073500,11677109323000,11677109517200,11677109524800,11677126948700,11677127208000,11677127395500,653,0,1
11677109549500,11677141575800,11677141777700,11677141783200,11677158831600,11677159003500,11677159148700,654,0,1
11677141805100,11677189481700,11677189685000,11677189692500,11677207153800,11677207331400,11677207477000,655,0,1
11677189721300,11677221593600,11677221835800,11677221843000,11677239545100,11677239746000,11677239903200,656,0,1
11677221871300,11677253111500,11677253348000,11677253357600,11677270739900,11677270941200,11677271084200,657,0,1
11677253141900,11677285061500,11677285261500,11677285266900,11677302862900,11677303045000,11677303271500,658,0,1
11677285090000,11677316952700,11677317176800,11677317183200,11677336289600,11677336472200,11677336620700,659,0,1
11677316985400,11677349522700,11677349750900,11677349759800,11677367040700,11677367270900,11677367436100,660,0,1
11677349554000,11677381519600,11677381689900,11677381695200,11677399146800,11677399365600,11677399512600,661,0,1
11677381713200,11677412981300,11677413209100,11677413214100,11677431357000,11677431532300,11677431720500,662,0,1
11677413250900,11677445767700,11677446111200,11677446121500,11677463369500,11677463559900,11677463711400,663,0,1
11677446150500,11677477265800,11677477463600,11677477469500,11677495186300,11677495453100,11677495630100,664,0,1
11677477296500,11677510198600,11677510445200,11677510450700,11677527489900,11677527671500,11677527825200,665,0,1
11677510231200,11677541638400,11677541846200,11677541851600,11677560562900,11677560739500,11677560884100,666,0,1
11677541666900,11677588968500,11677589186100,11677589191600,11677606808400,11677606989800,11677607165500,667,0,1
11677588998700,11677620873400,11677621113000,11677621120600,11677639854400,11677640082700,11677640274000,668,0,1
11677620903700,11677653352200,11677653577300,11677653584500,11677671159100,11677671338500,11677671501600,669,0,1
11677653381300,11677684992400,11677685203600,11677685214700,11677703768800,11677703966800,11677704114500,670,0,1
11677685246700,11677717364100,11677717626600,11677717635300,11677735734900,11677735915500,11677736078700,671,0,1
11677717408000,11677749009600,11677749204000,11677749211900,11677766847600,11677767022100,11677767166900,672,0,1
11677749270200,11677781043300,11677781274800,11677781283900,11677798891800,11677799185100,11677799328900,673,0,1
11677781073200,11677812991500,11677813211300,11677813218000,11677830726000,11677830903500,11677831069100,674,0,1
11677813019900,11677845494100,11677845763000,11677845768600,11677863226200,11677863515900,11677863669500,675,0,1
11677845537400,11677877991100,11677878235700,11677878245000,11677895581300,11677895756800,11677895904600,676,0,1
11677878021200,11677909124900,11677909370600,11677909378400,11677927239300,11677927420200,11677927570600,677,0,1
11677909158600,11677941442600,11677941630300,11677941636200,11677958654400,11677958856100,11677959004100,678,0,1
11677941677700,11677989033700,11677989273200,11677989279800,11678006246800,11678006423900,11678006570500,679,0,1
11677989338500,11678021309900,11678021524200,11678021529700,11678039546900,11678039739400,11678039889100,680,0,1
11678021338300,11678053108200,11678053355500,11678053363600,11678071962500,11678072143400,11678072289900,681,0,1
11678053137500,11678085680000,11678085888500,11678085896600,11678103611400,11678103784700,11678103927300,682,0,1
11678085927400,11678116968800,11678117206300,11678117214000,11678134719400,11678134972400,11678135158800,683,0,1
11678116997500,11678148911600,11678149092800,11678149098700,11678166130300,11678166317400,11678166461000,684,0,1
11678149146000,11678180962600,11678181172800,11678181177700,11678198992500,11678199181700,11678199331900,685,0,1
11678180990100,11678213441900,11678213645700,11678213651700,11678231303700,11678231667000,11678231849900,686,0,1
11678213475000,11678245754400,11678245930500,11678245937200,11678263281500,11678263461000,11678263631400,687,0,1
11678245989500,11678277194700,11678277406600,11678277411900,11678295091900,11678295298200,11678295476300,688,0,1
11678277223800,11678309287700,11678309491900,11678309504000,11678326800900,11678326973200,11678327108900,689,0,1
11678309532600,11678341135000,11678341357700,11678341368900,11678360165100,11678360345400,11678360510400,690,0,1
11678341168100,11678389205800,11678389409100,11678389414400,11678407480000,11678407666200,11678407816600,691,0,1
11678389237300,11678421315000,11678421548000,11678421566300,11678439591000,11678439810900,11678439981300,692,0,1
11678421346600,11678453300400,11678453521300,11678453527700,11678472099500,11678472285000,11678472427400,693,0,1
11678453331200,11678485247100,11678485446800,11678485452500,11678503066500,11678503253500,11678503401300,694,0,1
11678485275500,11678517304000,11678517509600,11678517515900,11678536920000,11678537149500,11678537309300,695,0,1
11678517331800,11678549153800,11678549349100,11678549354400,11678566553000,11678566731700,11678566896200,696,0,1
11678549183800,11678581609700,11678581791300,11678581796900,11678599293000,11678599482400,11678599635400,697,0,1
11678581818500,11678613339900,11678613546300,11678613552300,11678631298700,11678631475200,11678631620000,698,0,1
11678613368500,11678645408000,11678645605400,11678645611900,11678663043800,11678663291300,11678663443100,699,0,1
11678645437000,11678677313500,11678677488600,11678677494300,11678694353800,11678694533800,11678694678500,700,0,1
11678677538100,11678709137100,11678709370200,11678709379400,11678726548500,11678726730100,11678726903200,701,0,1
11678709171100,11678741837600,11678742060600,11678742066200,11678760079700,11678760268500,11678760423000,702,0,1
11678741869400,11678789162100,11678789410500,11678789418500,11678807145000,11678807382800,11678807562800,703,0,1
11678789194100,11678821672900,11678821847200,11678821853400,11678840420300,11678840596800,11678840743200,704,0,1
11678821873600,11678853527600,11678853898900,11678853906800,11678871488600,11678871766800,11678871923700,705,0,1
11678853940400,11678885272800,11678885483700,11678885489700,11678905830300,11678906046000,11678906208600,706,0,1
11678885304400,11678916929000,11678917131500,11678917136500,11678934974600,11678935160500,11678935310200,707,0,1
11678916956900,11678949750200,11678949984100,11678949989800,11678967148800,11678967323100,11678967476100,708,0,1
11678950036400,11678981435200,11678981659000,11678981666500,11678998771900,11678999014800,11678999169000,709,0,1
11678981463000,11679013071200,11679013303900,11679013310000,11679031879500,11679032052600,11679032199900,710,0,1
11679013099300,11679045254100,11679045432200,11679045438400,11679063166300,11679063510000,11679063780000,711,0,1
11679045457400,11679077080700,11679077404100,11679077417300,11679095684000,11679095860300,11679096010100,712,0,1
11679077110700,11679109448000,11679109660500,11679109672000,11679127210900,11679127426100,11679127587100,713,0,1
11679109705000,11679157647200,11679157853400,11679157871400,11679176880300,11679177058300,11679177202900,714,0,1
11679157678200,11679189740400,11679189922700,11679189928800,11679207665900,11679207845100,11679207987100,715,0,1
11679189975400,11679221262600,11679221489700,11679221495400,11679239020200,11679239196900,11679239342800,716,0,1
11679221300900,11679253235500,11679253415200,11679253421200,11679271118100,11679271296400,11679271436300,717,0,1
11679253440400,11679284846500,11679285050700,11679285056000,11679302386300,11679302565000,11679302711000,718,0,1
11679284875400,11679317030100,11679317210300,11679317218500,11679334722900,11679334963800,11679335144700,719,0,1
11679317281900,11679349571900,11679349787600,11679349793700,11679367300100,11679367508700,11679367655600,720,0,1
11679349605500,11679381279900,11679381487800,11679381493800,11679398767100,11679398958100,11679399100900,721,0,1
11679381310500,11679414328400,11679414537800,11679414543500,11679431789800,11679432023400,11679432179100,722,0,1
11679414592800,11679444925400,11679445142200,11679445148300,11679462400800,11679462635800,11679462794000,723,0,1
11679444954300,11679477636600,11679477846100,11679477856300,11679495174800,11679495474200,11679495628600,724,0,1
11679477879700,11679509987600,11679510192700,11679510202300,11679527046300,11679527228500,11679527379600,725,0,1
11679510233400,11679557356600,11679557584600,11679557590600,11679574975800,11679575154200,11679575300800,726,0,1
11679557397400,11679589698700,11679589877400,11679589883000,11679607621200,11679607809400,11679607958700,727,0,1
11679589927400,11679621151700,11679621369100,11679621374600,11679639292900,11679639470400,11679639647500,728,0,1
11679621182200,11679653177500,11679653339600,11679653345000,11679671759400,11679671951200,11679672094700,729,0,1
11679653363500,11679685296900,11679685588500,11679685595200,11679703354700,11679703547100,11679703724700,730,0,1
11679685330500,11679717406400,11679717612400,11679717618700,11679735557500,11679735736100,11679735881400,731,0,1
11679717435500,11679749021800,11679749221700,11679749227500,11679767893100,11679768069600,11679768220100,732,0,1
11679749050200,11679781080200,11679781321400,11679781332700,11679799243600,11679799437900,11679799678900,733,0,1
11679781110800,11679813088400,11679813348600,11679813363500,11679830925400,11679831113300,11679831265700,734,0,1
11679813407700,11679846254600,11679846442700,11679846451900,11679864183100,11679864399000,11679864578300,735,0,1
11679846480300,11679877768100,11679877967900,11679877979000,11679895362100,11679895533500,11679895672500,736,0,1
11679878007400,11679909214200,11679909445100,11679909454300,11679927265800,11679927507000,11679927662500,737,0,1
11679909244900,11679957537600,11679957740800,11679957746700,11679976481400,11679976707900,11679976857700,738,0,1
11679957568500,11679989077200,11679989280700,11679989290900,11680006662800,11680006839300,11680006981900,739,0,1
11679989351600,11680020958300,11680021140200,11680021146200,11680038847600,11680039042700,11680039332000,740,0,1
11680021166000,11680053817700,11680054064900,11680054075300,11680084921000,11680085315500,11680085624500,741,0,1
11680054152300,11680089536400,11680089771900,11680089789800,11680112102000,11680112292300,11680112457500,742,0,1
11680089843300,11680117909900,11680118144600,11680118151700,11680140708400,11680140892800,11680141063700,743,0,1
11680117938800,11680149318500,11680149633700,11680149643400,11680169741200,11680169938500,11680170186400,744,0,1
11680149364500,11680181686500,11680181944600,11680181953800,11680201542500,11680201725400,11680201896400,745,0,1
11680181980600,11680213775200,11680213987100,11680213995500,11680233060100,11680233239600,11680233403500,746,0,1
11680213804400,11680245210100,11680245387600,11680245393000,11680261809600,11680261994500,11680262163700,747,0,1
11680245437600,11680277225200,11680277430900,11680277435900,11680294983400,11680295171300,11680295343400,748,0,1
11680277254600,11680309043500,11680309227100,11680309232400,11680327035200,11680327300800,11680327519300,749,0,1
11680309072600,11680357519400,11680357764900,11680357773400,11680375213800,11680375387200,11680375552300,750,0,1
11680357562000,11680389092300,11680389299300,11680389304900,11680410496100,11680410798100,11680411026500,751,0,1
11680389124400,11680422352500,11680422572500,11680422580400,11680439289500,11680439538800,11680439748100,752,0,1
11680422645600,11680453485400,11680453718500,11680453723700,11680470561300,11680470816300,11680471036000,753,0,1
11680453529400,11680485391100,11680485607400,11680485612600,11680502810200,11680502980000,11680503137800,754,0,1
11680485418500,11680516857600,11680517066700,11680517073000,11680533509500,11680533683800,11680533842600,755,0,1
11680516885700,11680549077100,11680549338900,11680549352700,11680566387000,11680566565000,11680566754900,756,0,1
11680549108000,11680581262400,11680581473500,11680581482100,11680598972000,11680599188600,11680599436000,757,0,1
11680581289200,11680613355500,11680613550300,11680613554700,11680630062200,11680630231300,11680630391400,758,0,1
11680613381800,11680644846500,11680645032100,11680645036900,11680662053500,11680662299500,11680662507500,759,0,1
11680644873800,11680677197200,11680677412600,11680677421900,11680694553000,11680694725900,11680694886500,760,0,1
11680677228900,11680709751400,11680710104100,11680710114500,11680726895400,11680727073300,11680727267100,761,0,1
11680709805800,11680757084500,11680757282400,11680757287500,11680774074100,11680774266000,11680774434300,762,0,1
11680757113800,11680789146400,11680789392600,11680789399500,11680806947800,11680807214300,11680807444700,763,0,1
11680789179000,11680821457700,11680821666200,11680821671700,11680838836800,11680839007400,11680839164500,764,0,1
11680821489400,11680852868800,11680853076600,11680853083400,11680870093900,11680870305200,11680870471300,765,0,1
11680852895700,11680885062900,11680885226000,11680885231300,11680901946000,11680902119300,11680902277500,766,0,1
11680885269200,11680917638800,11680917914000,11680917920600,11680934818900,11680934995300,11680935155700,767,0,1
11680917954400,11680949085100,11680949300000,11680949305200,11680967343200,11680967519900,11680967709400,768,0,1
11680949113700,11680980879200,11680981101900,11680981109700,11680998564500,11680998733800,11680998891600,769,0,1
11680980910600,11681013036300,11681013219900,11681013228900,11681031359100,11681031594400,11681031765600,770,0,1
11681013249700,11681045026600,11681045233900,11681045239400,11681062073700,11681062250300,11681062413300,771,0,1
11681045055800,11681076957600,11681077323700,11681077331300,11681093908800,11681094081900,11681094242400,772,0,1
11681077006300,11681108828000,11681109019700,11681109025200,11681125038200,11681125205400,11681125364500,773,0,1
11681108854300,11681157375400,11681157593800,11681157598500,11681174134100,11681174435400,11681174647800,774,0,1
11681157403800,11681189233500,11681189395800,11681189400900,11681205718900,11681205897000,11681206060300,775,0,1
11681189444300,11681221310400,11681221490000,11681221496500,11681238505800,11681238709300,11681238879200,776,0,1
11681221521400,11681252965500,11681253154700,11681253159400,11681269771800,11681269949300,11681270109500,777,0,1
11681252992900,11681284899700,11681285088800,11681285095000,11681301546800,11681301711900,11681301865100,778,0,1
11681284925100,11681316898400,11681317076600,11681317081700,11681333434200,11681333609000,11681333840400,779,0,1
11681316921900,11681349663600,11681349872300,11681349877300,11681366199900,11681366376100,11681366539900,780,0,1
11681349691000,11681380795800,11681381008600,11681381016700,11681397768200,11681397943600,11681398120300,781,0,1
11681380823500,11681413034000,11681413264600,11681413271500,11681429564700,11681429740700,11681429912700,782,0,1
11681413062400,11681444674400,11681444887200,11681444895900,11681461155900,11681461362300,11681461527000,783,0,1
11681444701900,11681476567100,11681476756700,11681476761200,11681492598400,11681492766200,11681492928000,784,0,1
11681476593200,11681508855300,11681509044800,11681509049000,11681525597800,11681525804800,11681525975700,785,0,1
11681508881300,11681556833200,11681557011100,11681557015500,11681572747200,11681572917500,11681573077800,786,0,1
11681556861300,11681589815400,11681590020900,11681590026000,11681606637100,11681606808700,11681606969900,787,0,1
11681589843100,11681620738100,11681620909800,11681620914600,11681637338300,11681637511000,11681637670200,788,0,1
11681620951300,11681652585400,11681652781900,11681652786800,11681668994700,11681669279400,11681669486200,789,0,1
11681652612900,11681684788700,11681684979400,11681684983900,11681701532800,11681701712100,11681701876900,790,0,1
11681684815200,11681716780000,11681716965100,11681716971400,11681732929300,11681733097900,11681733246200,791,0,1
11681716804600,11681748702300,11681748899000,11681748906400,11681765440000,11681765606200,11681765761000,792,0,1
11681748729300,11681780624700,11681780796500,11681780805500,11681796913400,11681797082600,11681797243800,793,0,1
11681780871700,11681813442500,11681813649900,11681813659500,11681829761800,11681829929000,11681830090400,794,0,1
11681813690700,11681844808000,11681845048000,11681845056100,11681860669300,11681860839500,11681861008700,795,0,1
11681844847100,11681876692700,11681876899900,11681876906700,11681892659200,11681892870500,11681893031700,796,0,1
11681876720700,11681908759600,11681908947400,11681908952300,11681924781700,11681924955100,11681925112400,797,0,1
11681908785600,11681956548100,11681956733600,11681956737800,11681974644700,11681974862600,11681975024800,798,0,1
11681956574800,11681988947100,11681989152800,11681989157900,11682005464700,11682005634900,11682005793100,799,0,1
11681988982600,11682021417400,11682021692800,11682021715400,11682037948800,11682038118100,11682038274100,800,0,1
11682021465200,11682052713800,11682052918400,11682052924800,11682068710400,11682068880700,11682069044400,801,0,1
11682052740000,11682084661300,11682084834400,11682084840500,11682100587000,11682100753800,11682100927200,802,0,1
11682084860200,11682116953600,11682117164700,11682117171800,11682133197400,11682133386600,11682133567700,803,0,1
11682116981600,11682148605700,11682148771000,11682148778200,11682164595100,11682164761500,11682164918400,804,0,1
11682148829100,11682180636900,11682180845100,11682180854900,11682197015700,11682197185100,11682197351100,805,0,1
11682180663700,11682212599200,11682212800100,11682212806800,11682228629700,11682228794100,11682228952600,806,0,1
11682212626900,11682244955000,11682245181400,11682245188500,11682261630100,11682261802800,11682261994200,807,0,1
11682244983100,11682276924200,11682277126900,11682277132800,11682293626600,11682293813200,11682293971600,808,0,1
11682276951900,11682308505500,11682308828100,11682308846100,11682325103600,11682325273200,11682325425100,809,0,1
11682308566900,11682356863900,11682357083300,11682357087600,11682373816300,11682374026000,11682374197300,810,0,1
11682356893400,11682388967400,11682389166100,11682389171300,11682405245900,11682405410200,11682405563600,811,0,1
11682388995800,11682420705900,11682420907900,11682420913000,11682437099500,11682437265600,11682437421900,812,0,1
11682420734900,11682453584800,11682453819200,11682453824700,11682470598000,11682470771200,11682470930900,813,0,1
11682453612800,11682485101400,11682485295700,11682485301200,11682501931200,11682502098700,11682502253900,814,0,1
11682485129300,11682516566000,11682516767700,11682516772300,11682532685800,11682532859600,11682533027100,815,0,1
11682516591100,11682548949900,11682549231800,11682549239300,11682565252500,11682565417800,11682565574100,816,0,1
11682548980800,11682580621500,11682580826700,11682580831800,11682596689100,11682596855200,11682597013700,817,0,1
11682580647900,11682612607100,11682612815300,11682612822700,11682628508900,11682628675900,11682628831500,818,0,1
11682612634200,11682644611400,11682644807100,11682644812100,11682661013600,11682661181600,11682661339000,819,0,1
11682644638500,11682677675800,11682677919000,11682677925400,11682694288800,11682694462200,11682694630800,820,0,1
11682677705200,11682708968600,11682709165400,11682709170600,11682725464400,11682725633400,11682725794900,821,0,1
11682708996000,11682756902900,11682757102700,11682757109200,11682773169100,11682773341000,11682773499800,822,0,1
11682756930000,11682788563800,11682788763300,11682788769900,11682805176900,11682805343800,11682805501300,823,0,1
11682788589900,11682820850900,11682821057100,11682821062600,11682837550300,11682837720900,11682837882900,824,0,1
11682820877600,11682852573200,11682852768900,11682852774900,11682869992800,11682870159700,11682870377300,825,0,1
11682852601400,11682885236000,11682885448600,11682885455000,11682901500400,11682901724200,11682901929600,826,0,1
11682885263900,11682916548300,11682916733800,11682916738500,11682932576600,11682932741900,11682932905400,827,0,1
11682916575000,11682948611500,11682948796200,11682948801400,11682965320400,11682965497300,11682965700900,828,0,1
11682948639000,11682980979200,11682981173800,11682981180600,11682997558700,11682997730500,11682997896300,829,0,1
11682981008200,11683012897400,11683013063300,11683013068000,11683029194900,11683029364700,11683029515400,830,0,1
11683013123700,11683044650500,11683044836400,11683044840700,11683060753200,11683060921100,11683061083300,831,0,1
11683044676000,11683076776000,11683077032700,11683077037800,11683093036000,11683093204200,11683093361100,832,0,1
11683076821400,11683109390100,11683109577900,11683109582900,11683125886500,11683126104400,11683126267100,833,0,1
11683109419200,11683156555300,11683156734100,11683156738800,11683172624400,11683172790600,11683172949800,834,0,1
11683156582000,11683189010300,11683189216000,11683189220600,11683206124600,11683206302900,11683206461700,835,0,1
11683189038500,11683220618000,11683220785900,11683220790900,11683237309800,11683237505100,11683237666700,836,0,1
11683220911400,11683252965500,11683253242800,11683253248300,11683269655400,11683269831800,11683269993200,837,0,1
11683252993800,11683285011200,11683285237900,11683285243200,11683301621500,11683301794800,11683301955600,838,0,1
11683285288100,11683317731800,11683317926200,11683317931300,11683334589300,11683334798100,11683334978900,839,0,1
11683317760300,11683349231500,11683349407600,11683349411800,11683365575300,11683365742100,11683365905300,840,0,1
11683349259100,11683380689600,11683380868000,11683380873100,11683397423200,11683397610100,11683397769200,841,0,1
11683380716100,11683412990600,11683413211200,11683413217800,11683429953200,11683430124400,11683430283600,842,0,1
11683413018800,11683445340300,11683445541700,11683445548700,11683461977100,11683462145800,11683462307500,843,0,1
11683445631500,11683476680900,11683476944400,11683476949300,11683493408100,11683493654200,11683493857400,844,0,1
11683476710200,11683508489700,11683508688000,11683508692900,11683525117900,11683525327600,11683525491500,845,0,1
11683508517500,11683557659900,11683557860400,11683557865100,11683574343700,11683574516200,11683574674800,846,0,1
11683557690100,11683588841700,11683589024000,11683589029600,11683604967200,11683605157900,11683605315200,847,0,1
11683588866600,11683620438700,11683620749000,11683620755400,11683637235200,11683637403000,11683637560500,848,0,1
11683620464200,11683652542400,11683652726700,11683652731400,11683669118500,11683669295700,11683669489600,849,0,1
11683652568000,11683684865300,11683685045100,11683685049600,11683701995300,11683702229500,11683702435100,850,0,1
11683684892800,11683716889400,11683717060600,11683717065100,11683732837700,11683733006900,11683733163900,851,0,1
11683716916200,11683748767300,11683748955100,11683748959400,11683765034800,11683765211800,11683765372900,852,0,1
11683748792000,11683781253500,11683781453900,11683781459300,11683798005700,11683798183500,11683798346200,853,0,1
11683781282400,11683813220900,11683813401700,11683813407500,11683829564300,11683829738600,11683829896100,854,0,1
11683813453800,11683845009400,11683845190800,11683845196100,11683861467100,11683861824600,11683861994000,855,0,1
11683845035600,11683876977800,11683877175400,11683877180700,11683893178900,11683893347000,11683893505300,856,0,1
11683877005100,11683908397500,11683908585300,11683908590300,11683925163500,11683925330800,11683925487900,857,0,1
11683908423400,11683956585900,11683956832900,11683956841200,11683972974100,11683973149800,11683973338300,858,0,1
11683956613500,11683989234100,11683989446400,11683989453500,11684005204800,11684005383200,11684005545100,859,0,1
11683989262600,11684020976200,11684021339100,11684021349200,11684037520500,11684037731000,11684037898300,860,0,1
11684021004800,11684052544400,11684052723500,11684052728000,11684068934200,11684069214800,11684069497000,861,0,1
11684052577600,11684084654600,11684084848600,11684084853400,11684100625700,11684100796400,11684100955000,862,0,1
11684084683400,11684116676000,11684116856500,11684116860700,11684133306800,11684133476900,11684133631100,863,0,1
11684116703700,11684148888600,11684149083200,11684149088200,11684165670300,11684165839000,11684165999600,864,0,1
11684148915900,11684180717700,11684181017200,11684181022800,11684196930400,11684197101100,11684197299300,865,0,1
11684180790000,11684213618500,11684213794200,11684213799600,11684229820200,11684230011100,11684230180600,866,0,1
11684213647000,11684245029400,11684245198700,11684245203700,11684261291200,11684261463700,11684261627200,867,0,1
11684245244100,11684277106700,11684277313700,11684277321300,11684294206300,11684294369400,11684294525000,868,0,1
11684277136400,11684308649900,11684308853100,11684308859100,11684324723700,11684324897600,11684325058900,869,0,1
11684308675300,11684356565900,11684356767100,11684356772200,11684372900900,11684373072400,11684373233000,870,0,1
11684356593700,11684388822800,11684389149000,11684389157800,11684406359200,11684406581300,11684406742700,871,0,1
11684388851900,11684421450600,11684421680300,11684421685600,11684438115400,11684438377700,11684438555600,872,0,1
11684421479500,11684452676300,11684452849100,11684452853900,11684468630500,11684468804300,11684468961900,873,0,1
11684452700000,11684484622700,11684484805600,11684484810300,11684500900400,11684501072900,11684501235800,874,0,1
11684484649500,11684516658100,11684516854400,11684516859700,11684533021900,11684533195300,11684533358600,875,0,1
11684516687200,11684549018100,11684549216500,11684549223100,11684564858900,11684565025100,11684565188400,876,0,1
11684549047900,11684580584300,11684580751800,11684580756800,11684596956400,11684597195200,11684597398800,877,0,1
11684580805400,11684612533800,11684612736500,11684612741400,11684628654000,11684628881800,11684629115000,878,0,1
11684612560500,11684645519000,11684645776800,11684645789400,11684662207000,11684662385500,11684662549700,879,0,1
11684645554600,11684676692300,11684676912800,11684676921200,11684693091300,11684693261600,11684693417900,880,0,1
11684676721300,11684708748500,11684708941200,11684708948300,11684724897900,11684725134600,11684725349000,881,0,1
11684709024300,11684756509500,11684756692000,11684756696400,11684772759000,11684772927400,11684773083900,882,0,1
11684756536400,11684788615300,11684788806900,11684788811500,11684804685800,11684804854200,11684805014000,883,0,1
11684788641600,11684820640600,11684820821600,11684820826400,11684837001800,11684837170700,11684837330100,884,0,1
11684820667900,11684853214400,11684853418100,11684853423300,11684870245200,11684870422200,11684870585700,885,0,1
11684853245900,11684885005500,11684885189800,11684885194000,11684901895300,11684902065600,11684902224800,886,0,1
11684885030700,11684916994000,11684917200800,11684917206200,11684933317300,11684933491300,11684933653000,887,0,1
11684917251500,11684948502400,11684948686300,11684948690900,11684964559700,11684964731500,11684964895100,888,0,1
11684948529400,11684981261000,11684981474900,11684981484200,11684997554500,11684997733200,11684997893800,889,0,1
11684981287300,11685012921600,11685013125300,11685013132500,11685029585000,11685029759700,11685029918000,890,0,1
11685012948700,11685044690300,11685044886700,11685044894600,11685061157800,11685061359900,11685061522400,891,0,1
11685044715900,11685077513200,11685077712400,11685077718200,11685093531300,11685093699500,11685093865900,892,0,1
11685077542000,11685108605700,11685108779300,11685108784000,11685125134400,11685125343700,11685125564000,893,0,1
11685108630100,11685156696200,11685156885300,11685156890400,11685173442700,11685173705100,11685173896900,894,0,1
11685156723900,11685188666600,11685188854400,11685188859600,11685204860500,11685205029300,11685205188600,895,0,1
11685188691100,11685220800000,11685220983000,11685220988300,11685237389400,11685237567800,11685237724200,896,0,1
11685220825200,11685252553000,11685252761600,11685252767400,11685272576200,11685272813500,11685273031800,897,0,1
11685252581400,11685285966400,11685286178900,11685286186700,11685304390700,11685304569700,11685304737400,898,0,1
11685285996200,11685317151400,11685317328200,11685317333000,11685333914200,11685334137700,11685334338900,899,0,1
